,task_id,proj_id,wbs_id,clndr_id,est_wt,phys_complete_pct,rev_fdbk_flag,lock_plan_flag,auto_compute_act_flag,complete_pct_type,task_type,duration_type,review_type,status_code,task_code,task_name,rsrc_id,total_float_hr_cnt,free_float_hr_cnt,remain_drtn_hr_cnt,act_work_qty,remain_work_qty,target_work_qty,target_drtn_hr_cnt,target_equip_qty,act_equip_qty,remain_equip_qty,cstr_date,act_start_date,act_end_date,late_start_date,late_end_date,expect_end_date,early_start_date,early_end_date,restart_date,reend_date,target_start_date,target_end_date,review_end_date,rem_late_start_date,rem_late_end_date,cstr_type,priority_type,suspend_date,resume_date,float_path,float_path_order,guid,tmpl_guid,cstr_date2,cstr_type2,driving_path_flag,act_this_per_work_qty,act_this_per_equip_qty,external_early_start_date,external_late_end_date,create_date,update_date,create_user,update_user,old_restart_date,old_reend_date,old_remain_drtn_hr_cnt
0,109614,764,11203,1069,1,0,N,N,N,CP_Drtn,TT_Task,DT_FixedDUR2,RV_OK,TK_NotStart,A1000,,,0,0,56,0,0,0,56,0,0,0,,,,2010-01-16 08:00,2010-01-23 16:00,,2010-01-16 08:00,2010-01-23 16:00,2010-01-16 08:00,2010-01-23 16:00,2010-01-16 08:00,2010-01-23 16:00,,2010-01-16 08:00,2010-01-23 16:00,,PT_Normal,,,,,gi7fr5un00GFkiVnKI7SeA,,,,Y,0,0,,,2010-05-10 09:07,2010-05-10 09:07,admin,admin,,,
1,109615,764,11203,1069,1,0,N,N,N,CP_Drtn,TT_Task,DT_FixedDUR2,RV_OK,TK_NotStart,A1010,  ,,0,0,16,0,0,0,16,0,0,0,,,,2010-01-25 08:00,2010-01-26 16:00,,2010-01-25 08:00,2010-01-26 16:00,2010-01-25 08:00,2010-01-26 16:00,2010-01-25 08:00,2010-01-26 16:00,,2010-01-25 08:00,2010-01-26 16:00,,PT_Normal,,,,,FxcZx/+HxUyGCwHtujKAVQ,,,,Y,0,0,,,2010-05-10 09:07,2010-05-10 09:07,admin,admin,,,
2,109616,764,11203,1069,1,0,N,N,N,CP_Drtn,TT_Task,DT_FixedDUR2,RV_OK,TK_NotStart,A1020,  ,,0,0,56,0,0,0,56,0,0,0,,,,2010-01-27 08:00,2010-02-03 16:00,,2010-01-27 08:00,2010-02-03 16:00,2010-01-27 08:00,2010-02-03 16:00,2010-01-27 08:00,2010-02-03 16:00,,2010-01-27 08:00,2010-02-03 16:00,,PT_Normal,,,,,QFZJvRcHPk+sntisla7NVg,,,,Y,0,0,,,2010-05-10 09:07,2010-05-10 09:07,admin,admin,,,
3,109617,764,11203,1069,1,0,N,N,N,CP_Drtn,TT_Task,DT_FixedDUR2,RV_OK,TK_NotStart,A1030,  ,,0,0,88,0,0,0,88,0,0,0,,,,2010-02-10 08:00,2010-02-22 16:00,,2010-02-10 08:00,2010-02-22 16:00,2010-02-10 08:00,2010-02-22 16:00,2010-02-10 08:00,2010-02-22 16:00,,2010-02-10 08:00,2010-02-22 16:00,,PT_Normal,,,,,GMsYJedpiUyM1A4AzjPTIw,,,,Y,0,0,,,2010-05-10 09:07,2010-05-10 09:07,admin,admin,,,
4,109618,764,11203,1069,1,0,N,N,N,CP_Drtn,TT_Task,DT_FixedDUR2,RV_OK,TK_NotStart,A1050,  ,,0,0,16,0,0,0,16,0,0,0,,,,2010-05-16 08:00,2010-05-17 16:00,,2010-05-16 08:00,2010-05-17 16:00,2010-05-16 08:00,2010-05-17 16:00,2010-05-16 08:00,2010-05-17 16:00,,2010-05-16 08:00,2010-05-17 16:00,,PT_Normal,,,,,fjoQ0HWIrEKTx0qvlre78w,,,,Y,0,0,,,2010-05-10 09:07,2010-05-10 09:07,admin,admin,,,
5,109619,764,11203,1069,1,0,N,N,N,CP_Drtn,TT_Task,DT_FixedDUR2,RV_OK,TK_NotStart,A1060,  ,,0,0,72,0,0,0,72,0,0,0,,,,2010-02-24 08:00,2010-03-06 16:00,,2010-02-24 08:00,2010-03-06 16:00,2010-02-24 08:00,2010-03-06 16:00,2010-02-24 08:00,2010-03-06 16:00,,2010-02-24 08:00,2010-03-06 16:00,,PT_Normal,,,,,wN7Ri6KiLkKHYQXhOEkghQ,,,,Y,0,0,,,2010-05-10 09:07,2010-05-10 09:07,admin,admin,,,
6,109620,764,11203,1069,1,0,N,N,N,CP_Drtn,TT_Task,DT_FixedDUR2,RV_OK,TK_NotStart,A1070,  ,,0,0,32,0,0,0,32,0,0,0,,,,2010-03-07 08:00,2010-03-10 16:00,,2010-03-07 08:00,2010-03-10 16:00,2010-03-07 08:00,2010-03-10 16:00,2010-03-07 08:00,2010-03-10 16:00,,2010-03-07 08:00,2010-03-10 16:00,,PT_Normal,,,,,teP04MT9UkaJps1IC4zlfQ,,,,Y,0,0,,,2010-05-10 09:07,2010-05-10 09:07,admin,admin,,,
7,109621,764,11203,1069,1,0,N,N,N,CP_Drtn,TT_Task,DT_FixedDUR2,RV_OK,TK_NotStart,A1080,   ,,0,0,104,0,0,0,104,0,0,0,,,,2010-04-15 08:00,2010-04-29 16:00,,2010-04-15 08:00,2010-04-29 16:00,2010-04-15 08:00,2010-04-29 16:00,2010-04-15 08:00,2010-04-29 16:00,,2010-04-15 08:00,2010-04-29 16:00,,PT_Normal,,,,,saqGmF8Vw0ivUuM2Sg6D9Q,,,,Y,0,0,,,2010-05-10 09:07,2010-05-10 09:07,admin,admin,,,
8,109622,764,11203,1069,1,0,N,N,N,CP_Drtn,TT_Task,DT_FixedDUR2,RV_OK,TK_NotStart,A1090, ,,0,0,8,0,0,0,8,0,0,0,,,,2010-01-24 08:00,2010-01-24 16:00,,2010-01-24 08:00,2010-01-24 16:00,2010-01-24 08:00,2010-01-24 16:00,2010-01-24 08:00,2010-01-24 16:00,,2010-01-24 08:00,2010-01-24 16:00,,PT_Normal,,,,,frovhoR4kUCNaMiQjWtTvw,,,,Y,0,0,,,2010-05-10 09:07,2010-05-10 09:07,admin,admin,,,
9,109623,764,11203,1069,1,0,N,N,N,CP_Drtn,TT_Task,DT_FixedDUR2,RV_OK,TK_NotStart,A1100,     ,,0,0,240,0,0,0,240,0,0,0,,,,2010-03-11 08:00,2010-04-14 16:00,,2010-03-11 08:00,2010-04-14 16:00,2010-03-11 08:00,2010-04-14 16:00,2010-03-11 08:00,2010-04-14 16:00,,2010-03-11 08:00,2010-04-14 16:00,,PT_Normal,,,,,mkezdp2UJEiEwuFcIwBSCQ,,,,Y,0,0,,,2010-05-10 09:07,2010-05-10 09:07,admin,admin,,,
10,109624,764,11203,1069,1,0,N,N,N,CP_Drtn,TT_Task,DT_FixedDUR2,RV_OK,TK_NotStart,A1110,   ,,0,0,88,0,0,0,88,0,0,0,,,,2010-05-03 08:00,2010-05-15 16:00,,2010-05-03 08:00,2010-05-15 16:00,2010-05-03 08:00,2010-05-15 16:00,2010-05-03 08:00,2010-05-15 16:00,,2010-05-03 08:00,2010-05-15 16:00,,PT_Normal,,,,,r5rzkhEe4Uipvf6d6jk+Ag,,,,Y,0,0,,,2010-05-10 09:07,2010-05-10 09:07,admin,admin,,,
11,109625,764,11203,1069,1,0,N,N,N,CP_Drtn,TT_Task,DT_FixedDUR2,RV_OK,TK_NotStart,A1120,  ,,0,0,16,0,0,0,16,0,0,0,,,,2010-05-01 08:00,2010-05-02 16:00,,2010-05-01 08:00,2010-05-02 16:00,2010-05-01 08:00,2010-05-02 16:00,2010-05-01 08:00,2010-05-02 16:00,,2010-05-01 08:00,2010-05-02 16:00,,PT_Normal,,,,,UHGwiEgOrU+Aec4wcmAfAg,,,,Y,0,0,,,2010-05-10 09:07,2010-05-10 09:07,admin,admin,,,
12,109626,764,11203,1069,1,0,N,N,N,CP_Drtn,TT_Task,DT_FixedDUR2,RV_OK,TK_NotStart,A1130,   ,,0,0,32,0,0,0,32,0,0,0,,,,2010-02-06 08:00,2010-02-09 16:00,,2010-02-06 08:00,2010-02-09 16:00,2010-02-06 08:00,2010-02-09 16:00,2010-02-06 08:00,2010-02-09 16:00,,2010-02-06 08:00,2010-02-09 16:00,,PT_Normal,,,,,GI/RMzK51kO4oVO1zuHM6A,,,,Y,0,0,,,2010-05-10 09:07,2010-05-10 09:07,admin,admin,,,
13,109627,764,11203,1069,1,0,N,N,N,CP_Drtn,TT_Task,DT_FixedDUR2,RV_OK,TK_NotStart,A1140,   ,,0,0,64,0,0,0,64,0,0,0,,,,2010-05-18 08:00,2010-05-26 16:00,,2010-05-18 08:00,2010-05-26 16:00,2010-05-18 08:00,2010-05-26 16:00,2010-05-18 08:00,2010-05-26 16:00,,2010-05-18 08:00,2010-05-26 16:00,,PT_Normal,,,,,WwvZu4JucE+nHvy81XG/PA,,,,Y,0,0,,,2010-05-10 09:07,2010-05-10 09:07,admin,admin,,,
14,109628,764,11204,1069,1,0,N,N,N,CP_Drtn,TT_Task,DT_FixedDUR2,RV_OK,TK_NotStart,A1150, ,2421,0,0,168,0,433,433,168,0,0,0,,,,2010-05-27 08:00,2010-06-20 16:00,,2010-05-27 08:00,2010-06-20 16:00,2010-05-27 08:00,2010-06-20 16:00,2010-05-27 08:00,2010-06-20 16:00,,2010-05-27 08:00,2010-06-20 16:00,,PT_Normal,,,,,l14ltxQdeEOZxFjLj7NWxg,,,,Y,0,0,,,2010-05-10 09:07,2010-05-10 09:07,admin,admin,,,
15,109629,764,11204,1069,1,0,N,N,N,CP_Drtn,TT_Task,DT_FixedDUR2,RV_OK,TK_NotStart,A1160, ,2666,0,0,64,0,143,143,64,0,0,0,,,,2010-06-21 08:00,2010-06-29 16:00,,2010-06-21 08:00,2010-06-29 16:00,2010-06-21 08:00,2010-06-29 16:00,2010-06-21 08:00,2010-06-29 16:00,,2010-06-21 08:00,2010-06-29 16:00,,PT_Normal,,,,,7m6gd1MJ3kmSFNuU+GAyEw,,,,Y,0,0,,,2010-05-10 09:07,2010-05-10 09:07,admin,admin,,,
16,109630,764,11204,1069,1,0,N,N,N,CP_Drtn,TT_Task,DT_FixedDUR2,RV_OK,TK_NotStart,A1170,  ,2421,0,0,168,0,433,433,168,0,0,0,,,,2010-06-30 08:00,2010-07-24 16:00,,2010-06-30 08:00,2010-07-24 16:00,2010-06-30 08:00,2010-07-24 16:00,2010-06-30 08:00,2010-07-24 16:00,,2010-06-30 08:00,2010-07-24 16:00,,PT_Normal,,,,,luY4ni7M5UqqxwvkuuoivQ,,,,Y,0,0,,,2010-05-10 09:07,2010-05-10 09:07,admin,admin,,,
17,109631,764,11204,1069,1,0,N,N,N,CP_Drtn,TT_Task,DT_FixedDUR2,RV_OK,TK_NotStart,A1180,  ,2666,0,0,64,0,143,143,64,0,0,0,,,,2010-07-25 08:00,2010-08-02 16:00,,2010-07-25 08:00,2010-08-02 16:00,2010-07-25 08:00,2010-08-02 16:00,2010-07-25 08:00,2010-08-02 16:00,,2010-07-25 08:00,2010-08-02 16:00,,PT_Normal,,,,,eGIwq96AhE+NSu8NvbIQXA,,,,Y,0,0,,,2010-05-10 09:07,2010-05-10 09:07,admin,admin,,,
18,109632,764,11204,1069,1,0,N,N,N,CP_Drtn,TT_Task,DT_FixedDUR2,RV_OK,TK_NotStart,A1190,  ,2421,0,0,168,0,433,433,168,0,0,0,,,,2010-08-03 08:00,2010-08-26 16:00,,2010-08-03 08:00,2010-08-26 16:00,2010-08-03 08:00,2010-08-26 16:00,2010-08-03 08:00,2010-08-26 16:00,,2010-08-03 08:00,2010-08-26 16:00,,PT_Normal,,,,,Q0RDrKXml0mKUgGqo0YjlA,,,,Y,0,0,,,2010-05-10 09:07,2010-05-10 09:07,admin,admin,,,
19,109633,764,11204,1069,1,0,N,N,N,CP_Drtn,TT_Task,DT_FixedDUR2,RV_OK,TK_NotStart,A1200,  ,2666,0,0,64,0,143,143,64,0,0,0,,,,2010-08-28 08:00,2010-09-05 16:00,,2010-08-28 08:00,2010-09-05 16:00,2010-08-28 08:00,2010-09-05 16:00,2010-08-28 08:00,2010-09-05 16:00,,2010-08-28 08:00,2010-09-05 16:00,,PT_Normal,,,,,pd0N0WnGqkWS343MQOAWxw,,,,Y,0,0,,,2010-05-10 09:07,2010-05-10 09:07,admin,admin,,,
20,109634,764,11204,1069,1,0,N,N,N,CP_Drtn,TT_Task,DT_FixedDUR2,RV_OK,TK_NotStart,A1210,  ,2421,0,0,168,0,433,433,168,0,0,0,,,,2010-09-06 08:00,2010-09-29 16:00,,2010-09-06 08:00,2010-09-29 16:00,2010-09-06 08:00,2010-09-29 16:00,2010-09-06 08:00,2010-09-29 16:00,,2010-09-06 08:00,2010-09-29 16:00,,PT_Normal,,,,,K+sqO5a9ekaHz6+yr6Djtw,,,,Y,0,0,,,2010-05-10 09:07,2010-05-10 09:07,admin,admin,,,
21,109635,764,11204,1069,1,0,N,N,N,CP_Drtn,TT_Task,DT_FixedDUR2,RV_OK,TK_NotStart,A1220,  ,2666,0,0,64,0,143,143,64,0,0,0,,,,2010-09-30 08:00,2010-10-09 16:00,,2010-09-30 08:00,2010-10-09 16:00,2010-09-30 08:00,2010-10-09 16:00,2010-09-30 08:00,2010-10-09 16:00,,2010-09-30 08:00,2010-10-09 16:00,,PT_Normal,,,,,K7QoetyDHkmkUn8ZHeLBnw,,,,Y,0,0,,,2010-05-10 09:07,2010-05-10 09:07,admin,admin,,,
22,109636,764,11204,1069,1,0,N,N,N,CP_Drtn,TT_Task,DT_FixedDUR2,RV_OK,TK_NotStart,A1230,  ,2421,0,0,168,0,433,433,168,0,0,0,,,,2010-10-10 08:00,2010-11-02 16:00,,2010-10-10 08:00,2010-11-02 16:00,2010-10-10 08:00,2010-11-02 16:00,2010-10-10 08:00,2010-11-02 16:00,,2010-10-10 08:00,2010-11-02 16:00,,PT_Normal,,,,,11PIUNgFdU+096UE8wNxZw,,,,Y,0,0,,,2010-05-10 09:07,2010-05-10 09:07,admin,admin,,,
23,109637,764,11204,1069,1,0,N,N,N,CP_Drtn,TT_Task,DT_FixedDUR2,RV_OK,TK_NotStart,A1240,  ,2666,0,0,64,0,143,143,64,0,0,0,,,,2010-11-03 08:00,2010-11-11 16:00,,2010-11-03 08:00,2010-11-11 16:00,2010-11-03 08:00,2010-11-11 16:00,2010-11-03 08:00,2010-11-11 16:00,,2010-11-03 08:00,2010-11-11 16:00,,PT_Normal,,,,,2v3rTjCD1UipD1KNfV5r7w,,,,Y,0,0,,,2010-05-10 09:07,2010-05-10 09:07,admin,admin,,,
24,109638,764,11204,1069,1,0,N,N,N,CP_Drtn,TT_Task,DT_FixedDUR2,RV_OK,TK_NotStart,A1260, ,2666,248,0,32,0,67,67,32,0,0,0,,,,2011-01-12 08:00,2011-01-16 16:00,,2010-12-07 08:00,2010-12-11 16:00,2010-12-07 08:00,2010-12-11 16:00,2010-12-07 08:00,2010-12-11 16:00,,2011-01-12 08:00,2011-01-16 16:00,,PT_Normal,,,,,E2YwIkGIIE6rx4yJFoHIsw,,,,N,0,0,,,2010-05-10 09:07,2010-05-10 09:07,admin,admin,,,
25,109639,764,11204,1069,1,0,N,N,N,CP_Drtn,TT_Task,DT_FixedDUR2,RV_OK,TK_NotStart,A1270, ,2421,248,0,32,0,82,82,32,0,0,0,,,,2011-01-17 08:00,2011-01-20 16:00,,2010-12-12 08:00,2010-12-15 16:00,2010-12-12 08:00,2010-12-15 16:00,2010-12-12 08:00,2010-12-15 16:00,,2011-01-17 08:00,2011-01-20 16:00,,PT_Normal,,,,,ySyK27E/pkWVEwgKWNB0zQ,,,,N,0,0,,,2010-05-10 09:07,2010-05-10 09:07,admin,admin,,,
26,109640,764,11205,1069,1,0,N,N,N,CP_Drtn,TT_Task,DT_FixedDUR2,RV_OK,TK_NotStart,A1280,  ,,1248,0,160,0,0,0,160,0,0,0,,,,2011-01-03 08:00,2011-01-25 16:00,,2010-07-05 08:00,2010-07-27 16:00,2010-07-05 08:00,2010-07-27 16:00,2010-07-05 08:00,2010-07-27 16:00,,2011-01-03 08:00,2011-01-25 16:00,,PT_Normal,,,,,xspfPiw7Akqmxghbz/T0cg,,,,N,0,0,,,2010-05-10 09:07,2010-05-10 09:07,admin,admin,,,
27,109641,764,11205,1069,1,0,N,N,N,CP_Drtn,TT_Task,DT_FixedDUR2,RV_OK,TK_NotStart,A1290,  ,,1016,232,160,0,0,0,160,0,0,0,,,,2011-01-03 08:00,2011-01-25 16:00,,2010-08-08 08:00,2010-08-30 16:00,2010-08-08 08:00,2010-08-30 16:00,2010-08-08 08:00,2010-08-30 16:00,,2011-01-03 08:00,2011-01-25 16:00,,PT_Normal,,,,,cZfIw02BOkOJb1Drt3oueg,vBoRzKLNvkKKDc4gBb1qng,,,N,0,0,,,2010-05-10 09:07,2010-05-10 09:07,admin,admin,,,
28,109642,764,11205,1069,1,0,N,N,N,CP_Drtn,TT_Task,DT_FixedDUR2,RV_OK,TK_NotStart,A1300,  ,,784,0,160,0,0,0,160,0,0,0,,,,2011-01-03 08:00,2011-01-25 16:00,,2010-09-11 08:00,2010-10-03 16:00,2010-09-11 08:00,2010-10-03 16:00,2010-09-11 08:00,2010-10-03 16:00,,2011-01-03 08:00,2011-01-25 16:00,,PT_Normal,,,,,Wh9oQBdvF0yZgEPBDB3+Nw,vBoRzKLNvkKKDc4gBb1qng,,,N,0,0,,,2010-05-10 09:07,2010-05-10 09:07,admin,admin,,,
29,109643,764,11205,1069,1,0,N,N,N,CP_Drtn,TT_Task,DT_FixedDUR2,RV_OK,TK_NotStart,A1310,  ,,464,464,160,0,0,0,160,0,0,0,,,,2010-12-21 08:00,2011-01-12 16:00,,2010-10-14 08:00,2010-11-06 16:00,2010-10-14 08:00,2010-11-06 16:00,2010-10-14 08:00,2010-11-06 16:00,,2010-12-21 08:00,2011-01-12 16:00,,PT_Normal,,,,,hWE1Kp8WqEqdwSpeBmCM5A,vBoRzKLNvkKKDc4gBb1qng,,,N,0,0,,,2010-05-10 09:07,2010-05-10 09:07,admin,admin,,,
30,109644,764,11205,1069,1,0,N,N,N,CP_Drtn,TT_Task,DT_FixedDUR2,RV_OK,TK_NotStart,A1320,  ,,232,232,160,0,0,0,160,0,0,0,,,,2010-12-21 08:00,2011-01-12 16:00,,2010-11-17 08:00,2010-12-09 16:00,2010-11-17 08:00,2010-12-09 16:00,2010-11-17 08:00,2010-12-09 16:00,,2010-12-21 08:00,2011-01-12 16:00,,PT_Normal,,,,,ZuVbzTsAs0WHiGjV3tuXnw,vBoRzKLNvkKKDc4gBb1qng,,,N,0,0,,,2010-05-10 09:07,2010-05-10 09:07,admin,admin,,,
31,109645,764,11205,1069,1,0,N,N,N,CP_Drtn,TT_Task,DT_FixedDUR2,RV_OK,TK_NotStart,A1330, ,,0,0,160,0,0,0,160,0,0,0,,,,2010-12-21 08:00,2011-01-12 16:00,,2010-12-21 08:00,2011-01-12 16:00,2010-12-21 08:00,2011-01-12 16:00,2010-12-21 08:00,2011-01-12 16:00,,2010-12-21 08:00,2011-01-12 16:00,,PT_Normal,,,,,tt10Pp1r+ECTJ+ne5wMR0g,vBoRzKLNvkKKDc4gBb1qng,,,Y,0,0,,,2010-05-10 09:07,2010-05-10 09:07,admin,admin,,,
32,109646,764,11205,1069,1,0,N,N,N,CP_Drtn,TT_Task,DT_FixedDUR2,RV_OK,TK_NotStart,A1340,   ,,248,0,48,0,0,0,48,0,0,0,,,,2011-02-05 08:00,2011-02-10 16:00,,2010-12-30 08:00,2011-01-05 16:00,2010-12-30 08:00,2011-01-05 16:00,2010-12-30 08:00,2011-01-05 16:00,,2011-02-05 08:00,2011-02-10 16:00,,PT_Normal,,,,,S3iZlIiaUEutWj4nou1ong,vBoRzKLNvkKKDc4gBb1qng,,,N,0,0,,,2010-05-10 09:07,2010-05-10 09:07,admin,admin,,,
33,109647,764,11206,1069,1,0,N,N,N,CP_Drtn,TT_Task,DT_FixedDUR2,RV_OK,TK_NotStart,A1350,      .1.2,,784,0,72,0,0,0,72,0,0,0,,,,2011-01-26 08:00,2011-02-05 16:00,,2010-10-04 08:00,2010-10-13 16:00,2010-10-04 08:00,2010-10-13 16:00,2010-10-04 08:00,2010-10-13 16:00,,2011-01-26 08:00,2011-02-05 16:00,,PT_Normal,,,,,+Mu3kckInUulj0SKskYI2Q,,,,N,0,0,,,2010-05-10 09:07,2010-05-10 09:07,admin,admin,,,
34,109648,764,11206,1069,1,0,N,N,N,CP_Drtn,TT_Task,DT_FixedDUR2,RV_OK,TK_NotStart,A1360,     3.4.5,,0,0,72,0,0,0,72,0,0,0,,,,2011-01-13 08:00,2011-01-23 16:00,,2011-01-13 08:00,2011-01-23 16:00,2011-01-13 08:00,2011-01-23 16:00,2011-01-13 08:00,2011-01-23 16:00,,2011-01-13 08:00,2011-01-23 16:00,,PT_Normal,,,,,m6t2Vps87Ue0sKEJuvEzbw,yCnU6HKzEUyQwT0QDmmq6w,,,Y,0,0,,,2010-05-10 09:07,2010-05-10 09:07,admin,admin,,,
35,109649,764,11206,1069,1,0,N,N,N,CP_Drtn,TT_Task,DT_FixedDUR2,RV_OK,TK_NotStart,A1370,     .1.2,,840,56,80,0,0,0,80,0,0,0,,,,2011-02-14 08:00,2011-02-24 16:00,,2010-10-14 08:00,2010-10-25 16:00,2010-10-14 08:00,2010-10-25 16:00,2010-10-14 08:00,2010-10-25 16:00,,2011-02-14 08:00,2011-02-24 16:00,,PT_Normal,,,,,ZEjlaDgz9Um7B3ayhIWoBw,,,,N,0,0,,,2010-05-10 09:07,2010-05-10 09:07,admin,admin,,,
36,109650,764,11206,1069,1,0,N,N,N,CP_Drtn,TT_Task,DT_FixedDUR2,RV_OK,TK_NotStart,A1380,     3.4.5,,56,56,80,0,0,0,80,0,0,0,,,,2011-02-01 08:00,2011-02-12 16:00,,2011-01-24 08:00,2011-02-03 16:00,2011-01-24 08:00,2011-02-03 16:00,2011-01-24 08:00,2011-02-03 16:00,,2011-02-01 08:00,2011-02-12 16:00,,PT_Normal,,,,,5mPhFmzjB0mKuNPYPbAdsw,Jv04EAvdKEyIdl07PhKasg,,,N,0,0,,,2010-05-10 09:07,2010-05-10 09:07,admin,admin,,,
37,109651,764,11203,1069,0,0,N,N,N,CP_Drtn,TT_FinMile,DT_FixedDrtn,RV_OK,TK_NotStart,A1390,   ,,64,0,0,0,0,0,0,0,0,0,,,,2010-05-26 16:00,2010-05-26 16:00,,2010-05-17 16:00,2010-05-17 16:00,2010-05-17 16:00,2010-05-17 16:00,2010-05-17 16:00,2010-05-17 16:00,,2010-05-26 16:00,2010-05-26 16:00,,PT_Normal,,,,,4Cp32JOb70mKq7XWxwaPlA,,,,N,0,0,,,2010-05-10 09:07,2010-05-10 09:07,admin,admin,,,
38,109652,764,11203,1069,1,0,N,N,N,CP_Drtn,TT_Task,DT_FixedDUR2,RV_OK,TK_NotStart,A1400,   ,,0,0,8,0,0,0,8,0,0,0,,,,2010-02-04 08:00,2010-02-04 16:00,,2010-02-04 08:00,2010-02-04 16:00,2010-02-04 08:00,2010-02-04 16:00,2010-02-04 08:00,2010-02-04 16:00,,2010-02-04 08:00,2010-02-04 16:00,,PT_Normal,,,,,y88sR1bv3EWaDbc15TOPWw,,,,Y,0,0,,,2010-05-10 09:07,2010-05-10 09:07,admin,admin,,,
39,109653,764,11204,1069,1,0,N,N,N,CP_Drtn,TT_Task,DT_FixedDUR2,RV_OK,TK_NotStart,A1250,  ,2421,0,0,168,0,279,279,168,0,0,0,,,,2010-11-13 08:00,2010-12-06 16:00,,2010-11-13 08:00,2010-12-06 16:00,2010-11-13 08:00,2010-12-06 16:00,2010-11-13 08:00,2010-12-06 16:00,,2010-11-13 08:00,2010-12-06 16:00,,PT_Normal,,,,,QOVvxT8EXECcPovKPHpmDw,,,,Y,0,0,,,2010-05-10 09:07,2010-05-10 09:07,admin,admin,,,
40,109654,764,11206,1069,1,0,N,N,N,CP_Drtn,TT_Task,DT_FixedDUR2,RV_OK,TK_NotStart,A2260,   ,,856,856,80,0,0,0,80,0,0,0,,,,2011-06-02 08:00,2011-06-13 16:00,,2011-01-29 08:00,2011-02-08 16:00,2011-01-29 08:00,2011-02-08 16:00,2011-01-29 08:00,2011-02-08 16:00,,2011-06-02 08:00,2011-06-13 16:00,,PT_Normal,,,,,3grWHnxy6kuwtKgRRKT8Fg,iFieBEAzFUuYBF2YinpUDw,,,N,0,0,,,2010-05-10 09:07,2010-05-10 09:07,admin,admin,,,
41,109655,764,11206,1069,1,0,N,N,N,CP_Drtn,TT_Task,DT_FixedDUR2,RV_OK,TK_NotStart,A2270,   ,,160,0,192,0,0,0,192,0,0,0,,,,2011-05-05 08:00,2011-06-01 16:00,,2011-04-12 08:00,2011-05-09 16:00,2011-04-12 08:00,2011-05-09 16:00,2011-04-12 08:00,2011-05-09 16:00,,2011-05-05 08:00,2011-06-01 16:00,,PT_Normal,,,,,CWpnWcvTQkKXqMYzFczAEA,AmyDrJBpDEqAXFdF5yKh1Q,,,N,0,0,,,2010-05-10 09:07,2010-05-10 09:07,admin,admin,,,
42,109656,764,11206,1069,1,0,N,N,N,CP_Drtn,TT_Task,DT_FixedDUR2,RV_OK,TK_NotStart,A2290,      ,,784,0,80,0,0,0,80,0,0,0,,,,2011-03-21 08:00,2011-03-31 16:00,,2010-11-27 08:00,2010-12-07 16:00,2010-11-27 08:00,2010-12-07 16:00,2010-11-27 08:00,2010-12-07 16:00,,2011-03-21 08:00,2011-03-31 16:00,,PT_Normal,,,,,5DrL2Jq5JkaWjBIgCJtQRQ,JgfBpJkXQ0+joPI7v9S25g,,,N,0,0,,,2010-05-10 09:07,2010-05-10 09:07,admin,admin,,,
43,109657,764,11206,1069,1,0,N,N,N,CP_Drtn,TT_Task,DT_FixedDUR2,RV_OK,TK_NotStart,A2460,    ,,784,0,160,0,0,0,160,0,0,0,,,,2011-02-26 08:00,2011-03-20 16:00,,2010-11-03 08:00,2010-11-25 16:00,2010-11-03 08:00,2010-11-25 16:00,2010-11-03 08:00,2010-11-25 16:00,,2011-02-26 08:00,2011-03-20 16:00,,PT_Normal,,,,,DjHEcDzSikGKUuFsglpjxA,fjJrNU+o60aKRH2zqLj37Q,,,N,0,0,,,2010-05-10 09:07,2010-05-10 09:07,admin,admin,,,
44,109658,764,11206,1069,1,0,N,N,N,CP_Drtn,TT_Task,DT_FixedDUR2,RV_OK,TK_NotStart,A2470,      ,,0,0,160,0,0,0,160,0,0,0,,,,2011-02-13 08:00,2011-03-07 16:00,,2011-02-13 08:00,2011-03-07 16:00,2011-02-13 08:00,2011-03-07 16:00,2011-02-13 08:00,2011-03-07 16:00,,2011-02-13 08:00,2011-03-07 16:00,,PT_Normal,,,,,CbppgrLUeEiZdB+AoLGRLQ,o3it1WJoBkGzFiX+JxVw+w,,,Y,0,0,,,2010-05-10 09:07,2010-05-10 09:07,admin,admin,,,
45,109659,764,11206,1069,1,0,N,N,N,CP_Drtn,TT_Task,DT_FixedDUR2,RV_OK,TK_NotStart,A2480,    ,,160,0,160,0,0,0,160,0,0,0,,,,2011-03-08 08:00,2011-03-30 16:00,,2011-02-13 08:00,2011-03-07 16:00,2011-02-13 08:00,2011-03-07 16:00,2011-02-13 08:00,2011-03-07 16:00,,2011-03-08 08:00,2011-03-30 16:00,,PT_Normal,,,,,BGzS6bQfPU20IJL3onfSqg,Yoe59Euqa0KeBNYZtFqVQQ,,,N,0,0,,,2010-05-10 09:07,2010-05-10 09:07,admin,admin,,,
46,109660,764,11206,1069,1,0,N,N,N,CP_Drtn,TT_Task,DT_FixedDUR2,RV_OK,TK_NotStart,A2490,    ,,160,0,160,0,0,0,160,0,0,0,,,,2011-03-08 08:00,2011-03-30 16:00,,2011-02-13 08:00,2011-03-07 16:00,2011-02-13 08:00,2011-03-07 16:00,2011-02-13 08:00,2011-03-07 16:00,,2011-03-08 08:00,2011-03-30 16:00,,PT_Normal,,,,,Czutg5VHXEu4+hHgGIr+ig,mIC88S5/6E+iaAYrSDKsGw,,,N,0,0,,,2010-05-10 09:07,2010-05-10 09:07,admin,admin,,,
47,109661,764,11206,1069,1,0,N,N,N,CP_Drtn,TT_Task,DT_FixedDUR2,RV_OK,TK_NotStart,A2500,    ,,856,0,160,0,0,0,160,0,0,0,,,,2011-03-08 08:00,2011-03-30 16:00,,2010-11-03 08:00,2010-11-25 16:00,2010-11-03 08:00,2010-11-25 16:00,2010-11-03 08:00,2010-11-25 16:00,,2011-03-08 08:00,2011-03-30 16:00,,PT_Normal,,,,,OBeJVvDxo0Od1tokSSm8mg,bO0CSJStY0ycWdwwQ4FjpQ,,,N,0,0,,,2010-05-10 09:07,2010-05-10 09:07,admin,admin,,,
48,109662,764,11206,1069,1,0,N,N,N,CP_Drtn,TT_Task,DT_FixedDUR2,RV_OK,TK_NotStart,A2510,   ,,856,856,80,0,0,0,80,0,0,0,,,,2011-06-02 08:00,2011-06-13 16:00,,2011-01-29 08:00,2011-02-08 16:00,2011-01-29 08:00,2011-02-08 16:00,2011-01-29 08:00,2011-02-08 16:00,,2011-06-02 08:00,2011-06-13 16:00,,PT_Normal,,,,,XA9t/ysp9kiyVwOjAOMJ/Q,O76gsY79gEGcJV78UqvPeA,,,N,0,0,,,2010-05-10 09:07,2010-05-10 09:07,admin,admin,,,
49,109663,764,11206,1069,1,0,N,N,N,CP_Drtn,TT_Task,DT_FixedDUR2,RV_OK,TK_NotStart,A2530,   ,,160,160,80,0,0,0,80,0,0,0,,,,2011-06-02 08:00,2011-06-13 16:00,,2011-05-10 08:00,2011-05-21 16:00,2011-05-10 08:00,2011-05-21 16:00,2011-05-10 08:00,2011-05-21 16:00,,2011-06-02 08:00,2011-06-13 16:00,,PT_Normal,,,,,ZrpVX4jsgEWutd+e32HMwA,EE8mZvdOMkmaxHWkC57dAg,,,N,0,0,,,2010-05-10 09:07,2010-05-10 09:07,admin,admin,,,
50,109664,764,11206,1069,1,0,N,N,N,CP_Drtn,TT_Task,DT_FixedDUR2,RV_OK,TK_NotStart,A2540,   ,,160,160,80,0,0,0,80,0,0,0,,,,2011-06-02 08:00,2011-06-13 16:00,,2011-05-10 08:00,2011-05-21 16:00,2011-05-10 08:00,2011-05-21 16:00,2011-05-10 08:00,2011-05-21 16:00,,2011-06-02 08:00,2011-06-13 16:00,,PT_Normal,,,,,tH52GhC7MEGxPJsgGZ6x+Q,i7iz5c1zM0aJgkAJae0Frw,,,N,0,0,,,2010-05-10 09:07,2010-05-10 09:07,admin,admin,,,
51,109665,764,11206,1069,1,0,N,N,N,CP_Drtn,TT_Task,DT_FixedDUR2,RV_OK,TK_NotStart,A2550,   ,,160,0,80,0,0,0,80,0,0,0,,,,2011-06-02 08:00,2011-06-13 16:00,,2011-05-10 08:00,2011-05-21 16:00,2011-05-10 08:00,2011-05-21 16:00,2011-05-10 08:00,2011-05-21 16:00,,2011-06-02 08:00,2011-06-13 16:00,,PT_Normal,,,,,7obuR0m44E6bjT78J4pzIg,04SWGGyfo0WsZzgY3Mj9oQ,,,N,0,0,,,2010-05-10 09:07,2010-05-10 09:07,admin,admin,,,
52,109666,764,11206,1069,1,0,N,N,N,CP_Drtn,TT_Task,DT_FixedDUR2,RV_OK,TK_NotStart,A2570,   ,,160,0,192,0,0,0,192,0,0,0,,,,2011-05-05 08:00,2011-06-01 16:00,,2011-04-12 08:00,2011-05-09 16:00,2011-04-12 08:00,2011-05-09 16:00,2011-04-12 08:00,2011-05-09 16:00,,2011-05-05 08:00,2011-06-01 16:00,,PT_Normal,,,,,mJhjzb9IL02I6OVsTpNhiA,610p58m5DkmLjCMuxH1p/Q,,,N,0,0,,,2010-05-10 09:07,2010-05-10 09:07,admin,admin,,,
53,109667,764,11206,1069,1,0,N,N,N,CP_Drtn,TT_Task,DT_FixedDUR2,RV_OK,TK_NotStart,A2580,   ,,856,0,192,0,0,0,192,0,0,0,,,,2011-05-05 08:00,2011-06-01 16:00,,2011-01-01 08:00,2011-01-27 16:00,2011-01-01 08:00,2011-01-27 16:00,2011-01-01 08:00,2011-01-27 16:00,,2011-05-05 08:00,2011-06-01 16:00,,PT_Normal,,,,,iYpVCwaAXEmiW1seAmru/A,dJKi/Ys+ikmqcstiIw2GLg,,,N,0,0,,,2010-05-10 09:07,2010-05-10 09:07,admin,admin,,,
54,109668,764,11206,1069,1,0,N,N,N,CP_Drtn,TT_Task,DT_FixedDUR2,RV_OK,TK_NotStart,A2590,   ,,0,0,192,0,0,0,192,0,0,0,,,,2011-04-12 08:00,2011-05-09 16:00,,2011-04-12 08:00,2011-05-09 16:00,2011-04-12 08:00,2011-05-09 16:00,2011-04-12 08:00,2011-05-09 16:00,,2011-04-12 08:00,2011-05-09 16:00,,PT_Normal,,,,,QwI87vJaOkOk5eo1bJXmGw,/ZZqu+mikUCweLYkcR2wxw,,,Y,0,0,,,2010-05-10 09:07,2010-05-10 09:07,admin,admin,,,
55,109669,764,11206,1069,1,0,N,N,N,CP_Drtn,TT_Task,DT_FixedDUR2,RV_OK,TK_NotStart,A2600,   ,,784,0,192,0,0,0,192,0,0,0,,,,2011-04-25 08:00,2011-05-22 16:00,,2011-01-01 08:00,2011-01-27 16:00,2011-01-01 08:00,2011-01-27 16:00,2011-01-01 08:00,2011-01-27 16:00,,2011-04-25 08:00,2011-05-22 16:00,,PT_Normal,,,,,56A9vDWERUC7FC4Rjuf/yg,I8sKk1Gp5kCG1B0sg+T16w,,,N,0,0,,,2010-05-10 09:07,2010-05-10 09:07,admin,admin,,,
56,109670,764,11206,1069,1,0,N,N,N,CP_Drtn,TT_Task,DT_FixedDUR2,RV_OK,TK_NotStart,A2610,      ,,856,0,160,0,0,0,160,0,0,0,,,,2011-04-12 08:00,2011-05-04 16:00,,2010-12-08 08:00,2010-12-30 16:00,2010-12-08 08:00,2010-12-30 16:00,2010-12-08 08:00,2010-12-30 16:00,,2011-04-12 08:00,2011-05-04 16:00,,PT_Normal,,,,,PzdUTgw35EOuDAfpc1qaYg,8ocyomr0QECYV8DHLpfIUg,,,N,0,0,,,2010-05-10 09:07,2010-05-10 09:07,admin,admin,,,
57,109671,764,11206,1069,1,0,N,N,N,CP_Drtn,TT_Task,DT_FixedDUR2,RV_OK,TK_NotStart,A2620,      ,,0,0,160,0,0,0,160,0,0,0,,,,2011-03-20 08:00,2011-04-11 16:00,,2011-03-20 08:00,2011-04-11 16:00,2011-03-20 08:00,2011-04-11 16:00,2011-03-20 08:00,2011-04-11 16:00,,2011-03-20 08:00,2011-04-11 16:00,,PT_Normal,,,,,495U24Bkt0KR9JqXnEyv6Q,NDn0/S6g/UWjOa4V4RV6CA,,,Y,0,0,,,2010-05-10 09:07,2010-05-10 09:07,admin,admin,,,
58,109672,764,11206,1069,1,0,N,N,N,CP_Drtn,TT_Task,DT_FixedDUR2,RV_OK,TK_NotStart,A2630,      ,,160,0,160,0,0,0,160,0,0,0,,,,2011-04-12 08:00,2011-05-04 16:00,,2011-03-20 08:00,2011-04-11 16:00,2011-03-20 08:00,2011-04-11 16:00,2011-03-20 08:00,2011-04-11 16:00,,2011-04-12 08:00,2011-05-04 16:00,,PT_Normal,,,,,P08QjlCFM0mDU8anyHYQOg,47YlKI67eUuDPwylC++dYA,,,N,0,0,,,2010-05-10 09:07,2010-05-10 09:07,admin,admin,,,
59,109673,764,11206,1069,1,0,N,N,N,CP_Drtn,TT_Task,DT_FixedDUR2,RV_OK,TK_NotStart,A2640,      ,,160,0,160,0,0,0,160,0,0,0,,,,2011-04-12 08:00,2011-05-04 16:00,,2011-03-20 08:00,2011-04-11 16:00,2011-03-20 08:00,2011-04-11 16:00,2011-03-20 08:00,2011-04-11 16:00,,2011-04-12 08:00,2011-05-04 16:00,,PT_Normal,,,,,Rx93J3bXUUmQ9QPYvXpMeQ,CbQmxHE/SkWD8bM+hq7PYg,,,N,0,0,,,2010-05-10 09:07,2010-05-10 09:07,admin,admin,,,
60,109674,764,11206,1069,1,0,N,N,N,CP_Drtn,TT_Task,DT_FixedDUR2,RV_OK,TK_NotStart,A2650,      ,,856,0,160,0,0,0,160,0,0,0,,,,2011-04-12 08:00,2011-05-04 16:00,,2010-12-08 08:00,2010-12-30 16:00,2010-12-08 08:00,2010-12-30 16:00,2010-12-08 08:00,2010-12-30 16:00,,2011-04-12 08:00,2011-05-04 16:00,,PT_Normal,,,,,cbRuag1xjU2akvLzNfkYdQ,LI2DeuRAFUixwKGXz8REHA,,,N,0,0,,,2010-05-10 09:07,2010-05-10 09:07,admin,admin,,,
61,109675,764,11206,1069,1,0,N,N,N,CP_Drtn,TT_Task,DT_FixedDUR2,RV_OK,TK_NotStart,A2660,      ,,856,0,80,0,0,0,80,0,0,0,,,,2011-03-31 08:00,2011-04-11 16:00,,2010-11-27 08:00,2010-12-07 16:00,2010-11-27 08:00,2010-12-07 16:00,2010-11-27 08:00,2010-12-07 16:00,,2011-03-31 08:00,2011-04-11 16:00,,PT_Normal,,,,,YBWCVGf1AUmDTawFUwEw/g,lNVvjFiWA0+T3yZwHf93nQ,,,N,0,0,,,2010-05-10 09:07,2010-05-10 09:07,admin,admin,,,
62,109676,764,11206,1069,1,0,N,N,N,CP_Drtn,TT_Task,DT_FixedDUR2,RV_OK,TK_NotStart,A1410, ,,456,120,240,0,0,0,240,0,0,0,,,,2011-05-05 08:00,2011-06-08 16:00,,2011-02-28 08:00,2011-04-03 16:00,2011-02-28 08:00,2011-04-03 16:00,2011-02-28 08:00,2011-04-03 16:00,,2011-05-05 08:00,2011-06-08 16:00,,PT_Normal,,,,,UTt7f3zBuUC8/vBjfvZYrg,,,,N,0,0,,,2010-05-10 09:07,2010-05-10 09:07,admin,admin,,,
63,109677,764,11206,1069,1,0,N,N,N,CP_Drtn,TT_Task,DT_FixedDUR2,RV_OK,TK_NotStart,A1420,   ,,856,856,80,0,0,0,80,0,0,0,,,,2011-06-02 08:00,2011-06-13 16:00,,2011-01-29 08:00,2011-02-08 16:00,2011-01-29 08:00,2011-02-08 16:00,2011-01-29 08:00,2011-02-08 16:00,,2011-06-02 08:00,2011-06-13 16:00,,PT_Normal,,,,,n41TAR4kwUSxtIe38R3qjQ,,,,N,0,0,,,2010-05-10 09:07,2010-05-10 09:07,admin,admin,,,
64,109678,764,11206,1069,1,0,N,N,N,CP_Drtn,TT_Task,DT_FixedDUR2,RV_OK,TK_NotStart,A1430,   ,,856,0,192,0,0,0,192,0,0,0,,,,2011-05-05 08:00,2011-06-01 16:00,,2011-01-01 08:00,2011-01-27 16:00,2011-01-01 08:00,2011-01-27 16:00,2011-01-01 08:00,2011-01-27 16:00,,2011-05-05 08:00,2011-06-01 16:00,,PT_Normal,,,,,hoTfmmmK3UW7z9rM+/084Q,,,,N,0,0,,,2010-05-10 09:07,2010-05-10 09:07,admin,admin,,,
65,109679,764,11206,1069,1,0,N,N,N,CP_Drtn,TT_Task,DT_FixedDUR2,RV_OK,TK_NotStart,A1440,    ,,856,0,160,0,0,0,160,0,0,0,,,,2011-03-08 08:00,2011-03-30 16:00,,2010-11-03 08:00,2010-11-25 16:00,2010-11-03 08:00,2010-11-25 16:00,2010-11-03 08:00,2010-11-25 16:00,,2011-03-08 08:00,2011-03-30 16:00,,PT_Normal,,,,,JA+z/JJIbE+MZyTzIly34w,,,,N,0,0,,,2010-05-10 09:07,2010-05-10 09:07,admin,admin,,,
66,109680,764,11206,1069,1,0,N,N,N,CP_Drtn,TT_Task,DT_FixedDUR2,RV_OK,TK_NotStart,A1450,      ,,856,0,80,0,0,0,80,0,0,0,,,,2011-03-31 08:00,2011-04-11 16:00,,2010-11-27 08:00,2010-12-07 16:00,2010-11-27 08:00,2010-12-07 16:00,2010-11-27 08:00,2010-12-07 16:00,,2011-03-31 08:00,2011-04-11 16:00,,PT_Normal,,,,,SvWKp5sU+0SvCVnvKICURg,,,,N,0,0,,,2010-05-10 09:07,2010-05-10 09:07,admin,admin,,,
67,109681,764,11206,1069,1,0,N,N,N,CP_Drtn,TT_Task,DT_FixedDUR2,RV_OK,TK_NotStart,A1460,  ,,3336,3000,160,0,0,0,160,0,0,0,,,,2011-05-17 08:00,2011-06-08 16:00,,2010-01-16 08:00,2010-02-07 16:00,2010-01-16 08:00,2010-02-07 16:00,2010-01-16 08:00,2010-02-07 16:00,,2011-05-17 08:00,2011-06-08 16:00,,PT_Normal,,,,,xpnWPw5e4kuQzfnTQCVVIQ,,,,N,0,0,,,2010-05-10 09:07,2010-05-10 09:07,admin,admin,,,
68,109682,764,11206,1069,1,0,N,N,N,CP_Drtn,TT_Task,DT_FixedDUR2,RV_OK,TK_NotStart,A1470,      ,,784,0,160,0,0,0,160,0,0,0,,,,2011-04-02 08:00,2011-04-24 16:00,,2010-12-08 08:00,2010-12-30 16:00,2010-12-08 08:00,2010-12-30 16:00,2010-12-08 08:00,2010-12-30 16:00,,2011-04-02 08:00,2011-04-24 16:00,,PT_Normal,,,,,JP8m/MFwQ0qGgoiLh/ouCQ,,,,N,0,0,,,2010-05-10 09:07,2010-05-10 09:07,admin,admin,,,
69,109683,764,11206,1069,1,0,N,N,N,CP_Drtn,TT_Task,DT_FixedDUR2,RV_OK,TK_NotStart,A1480,    ,,448,0,56,0,0,0,56,0,0,0,,,,2011-05-12 08:00,2011-05-19 16:00,,2011-03-08 08:00,2011-03-15 16:00,2011-03-08 08:00,2011-03-15 16:00,2011-03-08 08:00,2011-03-15 16:00,,2011-05-12 08:00,2011-05-19 16:00,,PT_Normal,,,,,5Z3P/msqJ0yIfD2xW9Yqjw,,,,N,0,0,,,2010-05-10 09:07,2010-05-10 09:07,admin,admin,,,
70,109684,764,11206,1069,1,0,N,N,N,CP_Drtn,TT_Task,DT_FixedDUR2,RV_OK,TK_NotStart,A1490,  ,,448,448,112,0,0,0,112,0,0,0,,,,2011-05-29 08:00,2011-06-13 16:00,,2011-03-24 08:00,2011-04-09 16:00,2011-03-24 08:00,2011-04-09 16:00,2011-03-24 08:00,2011-04-09 16:00,,2011-05-29 08:00,2011-06-13 16:00,,PT_Normal,,,,,tWNNONF/a0u3/ggzr+LEQQ,,,,N,0,0,,,2010-05-10 09:07,2010-05-10 09:07,admin,admin,,,
71,109685,764,11206,1069,1,0,N,N,N,CP_Drtn,TT_Task,DT_FixedDUR2,RV_OK,TK_NotStart,A1500,  ,,0,0,240,0,0,0,240,0,0,0,,,,2011-05-10 08:00,2011-06-13 16:00,,2011-05-10 08:00,2011-06-13 16:00,2011-05-10 08:00,2011-06-13 16:00,2011-05-10 08:00,2011-06-13 16:00,,2011-05-10 08:00,2011-06-13 16:00,,PT_Normal,,,,,a/PyN8X200WRhHDEy+d8zQ,,,,Y,0,0,,,2010-05-10 09:07,2010-05-10 09:07,admin,admin,,,
72,109686,764,11206,1069,1,0,N,N,N,CP_Drtn,TT_Task,DT_FixedDUR2,RV_OK,TK_NotStart,A1510,  ,,336,336,32,0,0,0,32,0,0,0,,,,2011-06-09 08:00,2011-06-13 16:00,,2011-04-21 08:00,2011-04-25 16:00,2011-04-21 08:00,2011-04-25 16:00,2011-04-21 08:00,2011-04-25 16:00,,2011-06-09 08:00,2011-06-13 16:00,,PT_Normal,,,,,tVaJufHkg02d+oqLJ8XOBw,,,,N,0,0,,,2010-05-10 09:07,2010-05-10 09:07,admin,admin,,,
73,109687,764,11206,1069,1,0,N,N,N,CP_Drtn,TT_Task,DT_FixedDUR2,RV_OK,TK_NotStart,A1520,    ,,40,0,200,0,0,0,200,0,0,0,,,,2011-05-16 08:00,2011-06-13 16:00,,2011-05-10 08:00,2011-06-07 16:00,2011-05-10 08:00,2011-06-07 16:00,2011-05-10 08:00,2011-06-07 16:00,,2011-05-16 08:00,2011-06-13 16:00,,PT_Normal,,,,,g+QDW3eG+kG1FQ5PAuQNSA,,,,N,0,0,,,2010-05-10 09:07,2010-05-10 09:07,admin,admin,,,
74,109688,764,11206,1069,1,0,N,N,N,CP_Drtn,TT_Task,DT_FixedDUR2,RV_OK,TK_NotStart,A1530,  ,,40,40,120,0,0,0,120,0,0,0,,,,2011-05-28 08:00,2011-06-13 16:00,,2011-05-22 08:00,2011-06-07 16:00,2011-05-22 08:00,2011-06-07 16:00,2011-05-22 08:00,2011-06-07 16:00,,2011-05-28 08:00,2011-06-13 16:00,,PT_Normal,,,,,uPIslePDIUWdk6btVsp+BA,,,,N,0,0,,,2010-05-10 09:07,2010-05-10 09:07,admin,admin,,,
75,109689,764,11206,1069,1,0,N,N,N,CP_Drtn,TT_Task,DT_FixedDUR2,RV_OK,TK_NotStart,A1560,   grc-,,248,248,240,0,0,0,240,0,0,0,,,,2011-05-10 08:00,2011-06-13 16:00,,2011-04-04 08:00,2011-05-08 16:00,2011-04-04 08:00,2011-05-08 16:00,2011-04-04 08:00,2011-05-08 16:00,,2011-05-10 08:00,2011-06-13 16:00,,PT_Normal,,,,,zCX1S6fbF0+ZZtbRybIH5g,,,,N,0,0,,,2010-05-10 09:07,2010-05-10 09:07,admin,admin,,,
76,109690,764,11206,1069,1,0,N,N,N,CP_Drtn,TT_Task,DT_FixedDUR2,RV_OK,TK_NotStart,A1570, ,,248,0,168,0,0,0,168,0,0,0,,,,2011-04-16 08:00,2011-05-09 16:00,,2011-03-10 08:00,2011-04-03 16:00,2011-03-10 08:00,2011-04-03 16:00,2011-03-10 08:00,2011-04-03 16:00,,2011-04-16 08:00,2011-05-09 16:00,,PT_Normal,,,,,mTmmg4qVRE2KHvdxrAMxNQ,,,,N,0,0,,,2010-05-10 09:07,2010-05-10 09:07,admin,admin,,,
77,109691,764,11206,1069,1,0,N,N,N,CP_Drtn,TT_Task,DT_FixedDUR2,RV_OK,TK_NotStart,A1580,    ,,448,0,56,0,0,0,56,0,0,0,,,,2011-05-21 08:00,2011-05-28 16:00,,2011-03-16 08:00,2011-03-23 16:00,2011-03-16 08:00,2011-03-23 16:00,2011-03-16 08:00,2011-03-23 16:00,,2011-05-21 08:00,2011-05-28 16:00,,PT_Normal,,,,,q7MnK14iQkqWV0z3oMfTJg,,,,N,0,0,,,2010-05-10 09:07,2010-05-10 09:07,admin,admin,,,
78,109692,764,11206,1069,1,0,N,N,N,CP_Drtn,TT_Task,DT_FixedDUR2,RV_OK,TK_NotStart,A1590,         1-2,,784,0,136,0,0,0,136,0,0,0,,,,2011-02-06 08:00,2011-02-24 16:00,,2010-10-14 08:00,2010-11-02 16:00,2010-10-14 08:00,2010-11-02 16:00,2010-10-14 08:00,2010-11-02 16:00,,2011-02-06 08:00,2011-02-24 16:00,,PT_Normal,,,,,XuYZlMW57kSN9ixmgfbBZg,,,,N,0,0,,,2010-05-10 09:07,2010-05-10 09:07,admin,admin,,,
79,109693,764,11206,1069,1,0,N,N,N,CP_Drtn,TT_Task,DT_FixedDUR2,RV_OK,TK_NotStart,A1600,  ,,40,40,80,0,0,0,80,0,0,0,,,,2011-06-02 08:00,2011-06-13 16:00,,2011-05-28 08:00,2011-06-07 16:00,2011-05-28 08:00,2011-06-07 16:00,2011-05-28 08:00,2011-06-07 16:00,,2011-06-02 08:00,2011-06-13 16:00,,PT_Normal,,,,,O8XYVT7cDEKe64l3b6DhNA,,,,N,0,0,,,2010-05-10 09:07,2010-05-10 09:07,admin,admin,,,
80,109694,764,11206,1069,1,0,N,N,N,CP_Drtn,TT_Task,DT_FixedDUR2,RV_OK,TK_NotStart,A1610,  ,,0,0,0,0,0,0,0,0,0,0,,,,2011-06-13 16:00,2011-06-13 16:00,,2011-06-14 08:00,2011-06-14 08:00,2011-06-14 08:00,2011-06-14 08:00,2011-06-14 08:00,2011-06-14 08:00,,2011-06-13 16:00,2011-06-13 16:00,,PT_Normal,,,,,Ddz2qQ4aUkCVz/HV56L5NQ,,,,Y,0,0,,,2010-05-10 09:07,2010-05-10 09:07,admin,admin,,,
81,109695,764,11206,1069,1,0,N,N,N,CP_Drtn,TT_Task,DT_FixedDUR2,RV_OK,TK_NotStart,A2670,      ,,160,0,80,0,0,0,80,0,0,0,,,,2011-03-31 08:00,2011-04-11 16:00,,2011-03-08 08:00,2011-03-19 16:00,2011-03-08 08:00,2011-03-19 16:00,2011-03-08 08:00,2011-03-19 16:00,,2011-03-31 08:00,2011-04-11 16:00,,PT_Normal,,,,,4uU9ugDQHkC5E8Nzx6Sw0A,J+U/7Erig0ya6LN10SRxwg,,,N,0,0,,,2010-05-10 09:07,2010-05-10 09:07,admin,admin,,,
82,109696,764,11206,1069,1,0,N,N,N,CP_Drtn,TT_Task,DT_FixedDUR2,RV_OK,TK_NotStart,A2680,      ,,160,0,80,0,0,0,80,0,0,0,,,,2011-03-31 08:00,2011-04-11 16:00,,2011-03-08 08:00,2011-03-19 16:00,2011-03-08 08:00,2011-03-19 16:00,2011-03-08 08:00,2011-03-19 16:00,,2011-03-31 08:00,2011-04-11 16:00,,PT_Normal,,,,,xI6vp8WUfU2lIolPtbL20A,J+U/7Erig0ya6LN10SRxwg,,,N,0,0,,,2010-05-10 09:07,2010-05-10 09:07,admin,admin,,,
83,109697,764,11206,1069,1,0,N,N,N,CP_Drtn,TT_Task,DT_FixedDUR2,RV_OK,TK_NotStart,A2690,      ,,0,0,80,0,0,0,80,0,0,0,,,,2011-03-08 08:00,2011-03-19 16:00,,2011-03-08 08:00,2011-03-19 16:00,2011-03-08 08:00,2011-03-19 16:00,2011-03-08 08:00,2011-03-19 16:00,,2011-03-08 08:00,2011-03-19 16:00,,PT_Normal,,,,,8Znk6KyEyUmOosQpXD4ciw,J+U/7Erig0ya6LN10SRxwg,,,Y,0,0,,,2010-05-10 09:07,2010-05-10 09:07,admin,admin,,,
84,109698,764,11206,1069,1,0,N,N,N,CP_Drtn,TT_Task,DT_FixedDUR2,RV_OK,TK_NotStart,A1540, ,,336,0,120,0,0,0,120,0,0,0,,,,2011-05-23 08:00,2011-06-08 16:00,,2011-04-04 08:00,2011-04-20 16:00,2011-04-04 08:00,2011-04-20 16:00,2011-04-04 08:00,2011-04-20 16:00,,2011-05-23 08:00,2011-06-08 16:00,,PT_Normal,,,,,fTsyVxzfFUySMO1n6naD/g,,,,N,0,0,,,2010-05-10 09:07,2010-05-10 09:07,admin,admin,,,
85,109699,764,11204,1069,1,0,N,N,N,CP_Drtn,TT_Task,DT_FixedDUR2,RV_OK,TK_NotStart,A1550,    ,,232,0,96,0,0,0,96,0,0,0,,,,2010-12-07 08:00,2010-12-20 16:00,,2010-11-03 08:00,2010-11-16 16:00,2010-11-03 08:00,2010-11-16 16:00,2010-11-03 08:00,2010-11-16 16:00,,2010-12-07 08:00,2010-12-20 16:00,,PT_Normal,,,,,TczIciFRv0+RX2bcUwqhEQ,,,,N,0,0,,,2010-05-10 09:07,2010-05-10 09:07,admin,admin,,,
86,109700,764,11204,1069,1,0,N,N,N,CP_Drtn,TT_Task,DT_FixedDUR2,RV_OK,TK_NotStart,A2700,    ,,1016,0,96,0,0,0,96,0,0,0,,,,2010-12-20 08:00,2011-01-02 16:00,,2010-07-25 08:00,2010-08-07 16:00,2010-07-25 08:00,2010-08-07 16:00,2010-07-25 08:00,2010-08-07 16:00,,2010-12-20 08:00,2011-01-02 16:00,,PT_Normal,,,,,422gYKiIZEKhLE+LCZ8fRg,r+6QgpnbbUu/395GMC302g,,,N,0,0,,,2010-05-10 09:07,2010-05-10 09:07,admin,admin,,,
87,109701,764,11204,1069,1,0,N,N,N,CP_Drtn,TT_Task,DT_FixedDUR2,RV_OK,TK_NotStart,A2710,    ,,1248,0,96,0,0,0,96,0,0,0,,,,2010-12-20 08:00,2011-01-02 16:00,,2010-06-21 08:00,2010-07-04 16:00,2010-06-21 08:00,2010-07-04 16:00,2010-06-21 08:00,2010-07-04 16:00,,2010-12-20 08:00,2011-01-02 16:00,,PT_Normal,,,,,gFBfshoaAEKu6eGwSauphA,r+6QgpnbbUu/395GMC302g,,,N,0,0,,,2010-05-10 09:07,2010-05-10 09:07,admin,admin,,,
88,109702,764,11204,1069,1,0,N,N,N,CP_Drtn,TT_Task,DT_FixedDUR2,RV_OK,TK_NotStart,A2720,    ,,464,0,96,0,0,0,96,0,0,0,,,,2010-12-07 08:00,2010-12-20 16:00,,2010-09-30 08:00,2010-10-13 16:00,2010-09-30 08:00,2010-10-13 16:00,2010-09-30 08:00,2010-10-13 16:00,,2010-12-07 08:00,2010-12-20 16:00,,PT_Normal,,,,,ZqWxWV9g20SiRQFMomE1WQ,r+6QgpnbbUu/395GMC302g,,,N,0,0,,,2010-05-10 09:07,2010-05-10 09:07,admin,admin,,,
89,109703,764,11204,1069,1,0,N,N,N,CP_Drtn,TT_Task,DT_FixedDUR2,RV_OK,TK_NotStart,A2730,    ,,784,0,96,0,0,0,96,0,0,0,,,,2010-12-20 08:00,2011-01-02 16:00,,2010-08-28 08:00,2010-09-09 16:00,2010-08-28 08:00,2010-09-09 16:00,2010-08-28 08:00,2010-09-09 16:00,,2010-12-20 08:00,2011-01-02 16:00,,PT_Normal,,,,,ZVymIpSmIUaHWOLfjR89DQ,r+6QgpnbbUu/395GMC302g,,,N,0,0,,,2010-05-10 09:07,2010-05-10 09:07,admin,admin,,,
90,109704,764,11204,1069,1,0,N,N,N,CP_Drtn,TT_Task,DT_FixedDUR2,RV_OK,TK_NotStart,A2740,    ,,0,0,96,0,0,0,96,0,0,0,,,,2010-12-07 08:00,2010-12-20 16:00,,2010-12-07 08:00,2010-12-20 16:00,2010-12-07 08:00,2010-12-20 16:00,2010-12-07 08:00,2010-12-20 16:00,,2010-12-07 08:00,2010-12-20 16:00,,PT_Normal,,,,,1u+9/LxuzEawm7kuY9Ld0w,r+6QgpnbbUu/395GMC302g,,,Y,0,0,,,2010-05-10 09:07,2010-05-10 09:07,admin,admin,,,
91,109705,764,11204,1069,1,0,N,N,N,CP_Drtn,TT_Task,DT_FixedDUR2,RV_OK,TK_NotStart,A2750,    ,,248,0,96,0,0,0,96,0,0,0,,,,2011-01-22 08:00,2011-02-03 16:00,,2010-12-16 08:00,2010-12-29 16:00,2010-12-16 08:00,2010-12-29 16:00,2010-12-16 08:00,2010-12-29 16:00,,2011-01-22 08:00,2011-02-03 16:00,,PT_Normal,,,,,ps0OA/Q+xUaSxbgcVpVX8g,r+6QgpnbbUu/395GMC302g,,,N,0,0,,,2010-05-10 09:07,2010-05-10 09:07,admin,admin,,,
92,109706,764,11206,1069,1,0,N,N,N,CP_Drtn,TT_Task,DT_FixedDUR2,RV_OK,TK_NotStart,A2760,        3-4-5,,0,0,136,0,0,0,136,0,0,0,,,,2011-01-24 08:00,2011-02-12 16:00,,2011-01-24 08:00,2011-02-12 16:00,2011-01-24 08:00,2011-02-12 16:00,2011-01-24 08:00,2011-02-12 16:00,,2011-01-24 08:00,2011-02-12 16:00,,PT_Normal,,,,,VHuBCxorKUqYTlMqLU9cig,BDSmfdtk10OoeBPMOyh8jg,,,Y,0,0,,,2010-05-10 09:07,2010-05-10 09:07,admin,admin,,,
93,109707,764,11203,1069,0,0,N,N,N,CP_Drtn,TT_Mile,DT_FixedDrtn,RV_OK,TK_NotStart,A1620,   ,,0,0,0,0,0,0,0,0,0,0,,,,2010-01-16 08:00,2010-01-16 08:00,,2010-01-16 08:00,2010-01-16 08:00,2010-01-16 08:00,2010-01-16 08:00,2010-01-16 08:00,2010-01-16 08:00,,2010-01-16 08:00,2010-01-16 08:00,,PT_Normal,,,,,O7noSWnv8EGLl1HlzdK94g,,,,Y,0,0,,,2010-05-10 09:07,2010-05-10 09:07,admin,admin,,,
94,109708,764,11204,1069,0,0,N,N,N,CP_Drtn,TT_Mile,DT_FixedDrtn,RV_OK,TK_NotStart,A1630,  ,,64,64,0,0,0,0,0,0,0,0,,,,2010-05-27 08:00,2010-05-27 08:00,,2010-05-18 08:00,2010-05-18 08:00,2010-05-18 08:00,2010-05-18 08:00,2010-05-18 08:00,2010-05-18 08:00,,2010-05-27 08:00,2010-05-27 08:00,,PT_Normal,,,,,LSLmcuPxhE+a0dkVc50vsw,,,,N,0,0,,,2010-05-10 09:07,2010-05-10 09:07,admin,admin,,,
95,109709,764,11204,1069,0,0,N,N,N,CP_Drtn,TT_FinMile,DT_FixedDrtn,RV_OK,TK_NotStart,A1640,  ,,1232,1232,0,0,0,0,0,0,0,0,,,,2011-06-13 16:00,2011-06-13 16:00,,2010-12-15 16:00,2010-12-15 16:00,2010-12-15 16:00,2010-12-15 16:00,2010-12-15 16:00,2010-12-15 16:00,,2011-06-13 16:00,2011-06-13 16:00,,PT_Normal,,,,,uO7LPj54FEyYWJIwzS+Ymw,,,,N,0,0,,,2010-05-10 09:07,2010-05-10 09:07,admin,admin,,,
96,109710,764,11205,1069,0,0,N,N,N,CP_Drtn,TT_Mile,DT_FixedDrtn,RV_OK,TK_NotStart,A1650,  ,,1248,0,0,0,0,0,0,0,0,0,,,,2011-01-03 08:00,2011-01-03 08:00,,2010-07-05 08:00,2010-07-05 08:00,2010-07-05 08:00,2010-07-05 08:00,2010-07-05 08:00,2010-07-05 08:00,,2011-01-03 08:00,2011-01-03 08:00,,PT_Normal,,,,,Z8KU4c8bMke5rPGsMaanBw,,,,N,0,0,,,2010-05-10 09:07,2010-05-10 09:07,admin,admin,,,
97,109711,764,11205,1069,0,0,N,N,N,CP_Drtn,TT_FinMile,DT_FixedDrtn,RV_OK,TK_NotStart,A1660,  ,,248,0,0,0,0,0,0,0,0,0,,,,2011-02-10 16:00,2011-02-10 16:00,,2011-01-05 16:00,2011-01-05 16:00,2011-01-05 16:00,2011-01-05 16:00,2011-01-05 16:00,2011-01-05 16:00,,2011-02-10 16:00,2011-02-10 16:00,,PT_Normal,,,,,XztvFyoG+kGxMQwzKc/wnQ,,,,N,0,0,,,2010-05-10 09:07,2010-05-10 09:07,admin,admin,,,
98,109712,764,11206,1069,0,0,N,N,N,CP_Drtn,TT_Mile,DT_FixedDrtn,RV_OK,TK_NotStart,A2770,   ,,1248,464,0,0,0,0,0,0,0,0,,,,2011-01-26 08:00,2011-01-26 08:00,,2010-07-28 08:00,2010-07-28 08:00,2010-07-28 08:00,2010-07-28 08:00,2010-07-28 08:00,2010-07-28 08:00,,2011-01-26 08:00,2011-01-26 08:00,,PT_Normal,,,,,2S6qd1tzhEiXbDUA7ia50g,,,,N,0,0,,,2010-05-10 09:07,2010-05-10 09:07,admin,admin,,,
99,109713,764,11206,1069,0,0,N,N,N,CP_Drtn,TT_FinMile,DT_FixedDrtn,RV_OK,TK_NotStart,A2780,   ,,160,160,0,0,0,0,0,0,0,0,,,,2011-06-13 16:00,2011-06-13 16:00,,2011-05-21 16:00,2011-05-21 16:00,2011-05-21 16:00,2011-05-21 16:00,2011-05-21 16:00,2011-05-21 16:00,,2011-06-13 16:00,2011-06-13 16:00,,PT_Normal,,,,,gcspOvcCx0GjcKBE2dcKVQ,,,,N,0,0,,,2010-05-10 09:07,2010-05-10 09:07,admin,admin,,,
100,109714,764,11206,1069,1,0,N,N,N,CP_Drtn,TT_Task,DT_FixedDUR2,RV_OK,TK_NotStart,A1670,  ,,248,0,600,0,0,0,600,0,0,0,,,,2011-02-12 08:00,2011-05-09 16:00,,2011-01-06 08:00,2011-04-03 16:00,2011-01-06 08:00,2011-04-03 16:00,2011-01-06 08:00,2011-04-03 16:00,,2011-02-12 08:00,2011-05-09 16:00,,PT_Normal,,,,,EgMkmbDMoUS53wzw1rG5oA,,,,N,0,0,,,2010-05-10 09:07,2010-05-10 09:07,admin,admin,,,
101,109715,764,11203,1069,1,0,N,N,N,CP_Drtn,TT_Task,DT_FixedDUR2,RV_OK,TK_NotStart,A2790, ,,0,0,8,0,0,0,8,0,0,0,,,,2010-02-23 08:00,2010-02-23 16:00,,2010-02-23 08:00,2010-02-23 16:00,2010-02-23 08:00,2010-02-23 16:00,2010-02-23 08:00,2010-02-23 16:00,,2010-02-23 08:00,2010-02-23 16:00,,PT_Normal,,,,,wIeo78bX80SgBakRsyK8zg,,,,Y,0,0,,,2010-05-10 09:07,2010-05-10 09:07,admin,admin,,,
