,task_pred_id,task_id,pred_task_id,proj_id,pred_proj_id,pred_type,lag_hr_cnt,float_path,aref,arls
0,40803,102056,102055,4512,4512,PR_FS,0,,2012-07-02 11:00,2012-08-18 08:00
1,40804,102057,102056,4512,4512,PR_FS,0,,2012-07-08 12:00,2012-08-27 09:00
2,40805,102058,102057,4512,4512,PR_FS,0,,2012-07-09 10:00,2012-08-28 07:00
3,40806,102059,102058,4512,4512,PR_FS,0,,2012-07-15 11:00,2012-09-03 08:00
4,40807,102062,102061,4512,4512,PR_FS,0,,2012-07-18 13:00,2012-09-25 11:00
5,40808,102063,102062,4512,4512,PR_FS,0,,2012-07-23 08:00,2012-09-29 16:00
6,40809,102064,102063,4512,4512,PR_FS,0,,2012-07-23 16:00,2012-09-30 14:00
7,40810,102065,102064,4512,4512,PR_FS,0,,2012-07-25 12:00,2012-10-03 08:00
8,40811,102085,102084,4512,4512,PR_FS,0,,2012-07-03 17:00,2012-09-05 12:00
9,40812,102087,102086,4512,4512,PR_FS,0,,2012-07-27 10:30,2012-12-28 09:30
10,40813,102089,102088,4512,4512,PR_FS,0,,2013-05-04 16:00,2013-06-20 08:00
11,40814,102081,102080,4512,4512,PR_FS,0,,2012-07-12 12:00,2012-10-02 10:00
12,40815,102083,102082,4512,4512,PR_FS,0,,2012-07-27 10:30,2012-12-28 09:30
13,40816,102082,102086,4512,4512,PR_SS,0,,2012-07-24 14:00,2012-09-29 08:00
14,40817,102111,102082,4512,4512,PR_SS,0,,2012-07-24 14:00,2012-09-29 08:00
15,40818,102112,102111,4512,4512,PR_FS,0,,2012-07-27 10:30,2012-12-28 09:30
16,40819,102114,102113,4512,4512,PR_FS,0,,2013-05-29 13:00,2013-07-15 10:00
17,40820,102091,102090,4512,4512,PR_FS,0,,2012-07-20 11:30,2012-09-08 11:00
18,40821,102070,102069,4512,4512,PR_FS,0,,2012-08-01 11:00,2012-12-17 08:00
19,40822,102097,102069,4512,4512,PR_SS,0,,2012-07-27 10:30,2012-09-29 08:00
20,40823,102098,102097,4512,4512,PR_FS,0,,2012-08-01 11:00,2012-10-09 09:00
21,40824,102123,102122,4512,4512,PR_FS,0,,2012-08-08 10:00,2012-10-25 11:00
22,40825,102072,102070,4512,4512,PR_FS,0,,2012-08-15 17:00,2012-12-31 14:00
23,40826,102073,102098,4512,4512,PR_FS,0,,2012-08-06 14:00,2012-10-14 12:00
24,40827,102074,102071,4512,4512,PR_SS,360,,2012-09-03 08:00,2012-06-20 09:00
25,40828,102075,102074,4512,4512,PR_SS,0,,2012-09-03 08:00,2012-10-16 16:00
26,40829,102076,102075,4512,4512,PR_FS,0,,2012-09-05 12:00,2012-10-22 09:00
27,40830,102077,102076,4512,4512,PR_SS,8,,2012-09-06 10:00,2012-10-18 12:00
28,40831,102078,102077,4512,4512,PR_SS,8,,2012-09-07 10:30,2012-10-19 12:30
29,40832,102079,102078,4512,4512,PR_FS,0,,2012-09-10 15:00,2012-10-29 07:00
30,40833,102092,102074,4512,4512,PR_FS,0,,2012-09-05 12:00,2012-12-09 11:00
31,40834,102093,102092,4512,4512,PR_SS,0,,2012-09-05 12:00,2012-12-05 14:00
32,40835,102094,102093,4512,4512,PR_SS,16,,2012-09-07 10:30,2012-12-04 16:00
33,40836,102095,102094,4512,4512,PR_SS,24,,2012-09-09 17:00,2012-12-05 14:00
34,40837,102096,102095,4512,4512,PR_FS,0,,2012-09-15 10:00,2012-12-18 14:00
35,40838,102100,102099,4512,4512,PR_FS,0,,2012-09-22 17:00,2013-02-03 11:00
36,40839,102101,102100,4512,4512,PR_SS,8,,2012-09-23 15:00,2013-01-30 14:00
37,40840,102102,102101,4512,4512,PR_SS,16,,2012-09-25 11:00,2013-01-30 14:00
38,40841,102103,102102,4512,4512,PR_SS,24,,2012-09-27 15:00,2013-01-31 12:00
39,40842,102104,102103,4512,4512,PR_FS,0,,2012-10-03 08:00,2013-02-13 12:00
40,40843,102106,102105,4512,4512,PR_FS,0,,2012-10-04 14:00,2013-02-21 09:00
41,40844,102107,102106,4512,4512,PR_FS,0,,2012-10-10 15:00,2013-02-27 10:00
42,40845,102108,102107,4512,4512,PR_FS,0,,2012-10-19 12:30,2013-03-07 15:00
43,40846,102109,102108,4512,4512,PR_FS,0,,2012-10-25 11:00,2013-03-13 16:00
44,40847,102110,102109,4512,4512,PR_FS,0,,2012-11-01 17:00,2013-03-20 07:00
45,40848,102115,102079,4512,4512,PR_FS,0,,2012-09-13 09:00,2012-10-31 11:00
46,40849,102116,102096,4512,4512,PR_FS,0,,2012-09-18 12:00,2012-12-22 11:00
47,40850,102117,102104,4512,4512,PR_FS,0,,2012-10-05 14:30,2013-02-16 11:00
48,40851,102118,102110,4512,4512,PR_FS,0,,2012-11-05 14:00,2013-03-23 14:00
49,40852,102119,102073,4512,4512,PR_FS,0,,2012-08-24 12:30,2012-10-30 13:00
50,40853,102121,102123,4512,4512,PR_FS,0,,2012-08-11 17:00,2012-10-30 13:00
51,40854,102172,102085,4512,4512,PR_SS,0,,2012-07-04 07:00,2012-08-30 11:00
52,40855,102174,102172,4512,4512,PR_SS,0,,2012-07-04 07:00,2012-09-01 12:00
53,40856,102173,102174,4512,4512,PR_FS,0,,2012-07-25 12:00,2012-09-27 07:00
54,40857,102194,102193,4512,4512,PR_SS,8,,2012-07-28 11:00,2012-09-26 09:00
55,40858,102195,102194,4512,4512,PR_FS,0,,2012-08-06 14:00,2012-10-09 09:00
56,40859,102196,102195,4512,4512,PR_FS,0,,2012-08-13 13:00,2012-10-16 08:00
57,40860,102198,102197,4512,4512,PR_FS,0,,2012-08-23 12:00,2012-10-23 07:00
58,40861,102199,102198,4512,4512,PR_FS,0,,2012-08-26 11:00,2012-10-25 11:00
59,40862,102200,102199,4512,4512,PR_FS,0,,2012-08-29 13:00,2012-10-30 13:00
60,40863,102197,102196,4512,4512,PR_FS,0,,2012-08-18 16:00,2012-10-21 11:00
61,40864,102132,102131,4512,4512,PR_FS,0,,2012-09-29 08:00,2012-11-15 15:00
62,40865,102133,102132,4512,4512,PR_FS,0,,2012-10-16 08:00,2012-12-03 10:00
63,40866,102134,102133,4512,4512,PR_FS,0,,2012-11-08 08:00,2012-12-24 15:00
64,40867,102135,102134,4512,4512,PR_FS,0,,2012-11-10 09:00,2012-12-26 11:00
65,40868,102167,102135,4512,4512,PR_FS,0,,2012-11-12 13:00,2012-12-29 10:00
66,40869,102168,102167,4512,4512,PR_FS,0,,2012-11-15 15:00,2013-01-01 12:00
67,40870,102169,102168,4512,4512,PR_SS,8,,2012-11-17 08:00,2012-12-28 09:30
68,40871,102170,102169,4512,4512,PR_SS,8,,2012-11-17 16:00,2012-12-29 10:00
69,40872,102171,102170,4512,4512,PR_SS,8,,2012-11-18 14:00,2012-12-30 08:00
70,40873,102184,102171,4512,4512,PR_SS,16,,2012-11-20 10:00,2012-12-30 16:00
71,40874,102185,102184,4512,4512,PR_FS,0,,2012-11-23 14:30,2013-01-09 09:00
72,40875,102186,102185,4512,4512,PR_SS,8,,2012-11-24 15:00,2013-01-05 09:00
73,40876,102187,102186,4512,4512,PR_SS,8,,2012-11-25 13:00,2013-01-05 09:00
74,40877,102188,102187,4512,4512,PR_SS,8,,2012-11-26 11:00,2013-01-06 15:00
75,40878,102189,102188,4512,4512,PR_SS,8,,2012-11-27 09:00,2013-01-07 13:00
76,40879,102190,102189,4512,4512,PR_SS,8,,2012-11-27 17:00,2013-01-08 11:00
77,40880,102191,102190,4512,4512,PR_SS,8,,2012-11-28 15:00,2013-01-07 13:00
78,40881,102192,102191,4512,4512,PR_SS,8,,2012-11-29 13:00,2013-01-10 07:00
79,40882,102176,102175,4512,4512,PR_FS,0,,2012-12-03 10:00,2013-01-19 07:00
80,40883,102177,102176,4512,4512,PR_SS,8,,2012-12-04 08:00,2013-01-14 12:00
81,40884,102178,102177,4512,4512,PR_SS,8,,2012-12-04 16:00,2013-01-14 12:00
82,40885,102179,102178,4512,4512,PR_SS,8,,2012-12-05 14:00,2013-01-16 08:00
83,40886,102180,102179,4512,4512,PR_SS,8,,2012-12-06 12:00,2013-01-16 16:00
84,40887,102181,102180,4512,4512,PR_SS,8,,2012-12-07 12:30,2013-01-17 14:00
85,40888,102182,102181,4512,4512,PR_SS,8,,2012-12-08 13:00,2013-01-16 16:00
86,40889,102183,102182,4512,4512,PR_SS,8,,2012-12-09 11:00,2013-01-19 15:00
87,40890,102175,102192,4512,4512,PR_SS,0,,2012-11-29 13:00,2013-01-10 15:00
88,40891,102202,102201,4512,4512,PR_FS,0,,2012-12-17 08:00,2013-01-31 12:00
89,40892,102203,102202,4512,4512,PR_SS,8,,2012-12-17 16:00,2013-01-27 19:00
90,40893,102204,102203,4512,4512,PR_SS,8,,2012-12-18 14:00,2013-01-27 19:00
91,40894,102205,102204,4512,4512,PR_SS,8,,2012-12-19 12:00,2013-01-29 08:00
92,40895,102206,102205,4512,4512,PR_SS,8,,2012-12-20 10:00,2013-01-29 16:00
93,40896,102207,102206,4512,4512,PR_SS,8,,2012-12-21 10:30,2013-01-30 14:00
94,40897,102208,102207,4512,4512,PR_SS,8,,2012-12-22 11:00,2013-01-29 16:00
95,40898,102209,102208,4512,4512,PR_SS,8,,2012-12-23 09:00,2013-02-01 12:30
96,40899,102201,102183,4512,4512,PR_FS,0,,2012-12-13 11:00,2013-01-28 10:00
97,40900,102210,102171,4512,4512,PR_FS,0,,2012-11-22 14:00,2013-01-28 10:00
98,40901,102201,102210,4512,4512,PR_SS,0,,2012-11-22 14:00,2013-01-21 11:00
99,40902,102154,102209,4512,4512,PR_FS,0,,2012-12-27 09:00,2013-02-11 08:00
100,40903,102155,102154,4512,4512,PR_FS,0,,2012-12-31 14:00,2013-02-15 10:30
101,40904,102137,102136,4512,4512,PR_SS,8,,2013-01-07 13:00,2013-02-17 09:00
102,40905,102138,102137,4512,4512,PR_SS,8,,2013-01-08 11:00,2013-02-18 07:00
103,40906,102139,102138,4512,4512,PR_FS,0,,2013-01-12 16:00,2013-02-27 10:00
104,40907,102140,102120,4512,4512,PR_SS,360,,2012-09-30 14:00,2012-11-01 16:59
105,40908,102140,102139,4512,4512,PR_SS,0,,2013-01-12 16:00,2013-02-24 08:00
106,40909,102141,102140,4512,4512,PR_FS,0,,2013-01-16 16:00,2013-03-03 15:00
107,40910,102142,102141,4512,4512,PR_FS,0,,2013-01-22 09:00,2013-03-09 08:00
108,40911,102143,102142,4512,4512,PR_FS,0,,2013-02-01 12:30,2013-03-20 07:00
109,40912,102144,102143,4512,4512,PR_FS,0,,2013-02-09 12:00,2013-03-27 14:00
110,40913,102129,102144,4512,4512,PR_FS,0,,2013-02-12 14:00,2013-03-31 11:00
111,40914,102130,102129,4512,4512,PR_SS,0,,2013-02-12 14:00,2013-03-27 14:00
112,40915,102150,102149,4512,4512,PR_FS,0,,2013-02-20 11:00,2013-04-08 08:00
113,40916,102151,102150,4512,4512,PR_FS,0,,2013-03-17 13:00,2013-05-02 15:00
114,40917,102152,102151,4512,4512,PR_FS,0,,2013-03-21 13:00,2013-05-07 10:00
115,40918,102153,102152,4512,4512,PR_FS,0,,2013-04-02 15:00,2013-05-19 12:00
116,40919,102214,102213,4512,4512,PR_SS,8,,2013-03-30 13:00,2013-05-11 07:00
117,40920,102215,102214,4512,4512,PR_FS,0,,2013-04-03 13:00,2013-05-20 10:00
118,40921,102216,102215,4512,4512,PR_FS,0,,2013-04-05 11:30,2013-05-21 16:00
119,40922,102157,102156,4512,4512,PR_SS,24,,2013-04-08 08:00,2013-05-15 15:00
120,40923,102158,102157,4512,4512,PR_FS,0,,2013-04-11 10:00,2013-05-28 07:00
121,40924,102159,102158,4512,4512,PR_SS,0,,2013-04-11 10:00,2013-05-24 12:30
122,40925,102160,102159,4512,4512,PR_FS,0,,2013-04-13 11:00,2013-05-29 13:00
123,40926,102161,102160,4512,4512,PR_FS,0,,2013-04-16 13:00,2013-06-02 10:00
124,40927,102162,102161,4512,4512,PR_FS,0,,2013-04-18 17:00,2013-06-04 14:00
125,40928,102163,102162,4512,4512,PR_FS,0,,2013-04-21 16:00,2013-06-07 10:30
126,40929,102165,102164,4512,4512,PR_FS,0,,2013-06-03 16:00,2013-07-20 13:00
127,40930,102166,102165,4512,4512,PR_FS,0,,2013-06-06 10:00,2013-07-23 07:00
128,40931,102146,102145,4512,4512,PR_FS,0,,2013-06-12 11:00,2013-07-29 08:00
129,40932,102147,102146,4512,4512,PR_FS,0,,2013-06-16 16:00,2013-08-02 10:30
130,40933,102148,102147,4512,4512,PR_FS,0,,2013-06-20 16:00,2013-08-06 13:00
131,40934,102088,102163,4512,4512,PR_SS,0,,2013-04-21 16:00,2013-06-05 12:00
132,40935,102195,102081,4512,4512,PR_FS,0,,2012-07-19 11:00,2012-10-09 09:00
133,40936,102122,102097,4512,4512,PR_FS,0,,2012-08-01 11:00,2012-10-18 12:00
134,40937,102213,102212,4512,4512,PR_FS,0,,2013-03-29 12:30,2013-05-15 07:00
135,40938,102157,102216,4512,4512,PR_FS,0,,2013-04-08 08:00,2013-05-24 12:30
136,40939,102080,102085,4512,4512,PR_FS,0,,2012-07-10 08:00,2012-09-29 16:00
137,40940,102099,102072,4512,4512,PR_FS,0,,2012-09-20 08:00,2013-01-31 12:00
138,40941,102099,102093,4512,4512,PR_FS,0,,2012-09-09 17:00,2013-01-31 12:00
139,40942,102105,102102,4512,4512,PR_FS,0,,2012-09-30 14:00,2013-02-17 09:00
140,40943,102167,102116,4512,4512,PR_FS,0,,2012-09-25 11:00,2012-12-29 10:00
141,40944,102136,102117,4512,4512,PR_FS,0,,2012-10-10 15:00,2013-02-21 09:00
142,40945,102129,102118,4512,4512,PR_FS,0,,2012-11-13 11:00,2013-03-31 11:00
143,40946,102212,102151,4512,4512,PR_FS,0,,2013-03-21 13:00,2013-05-07 10:00
144,40947,101888,101887,4512,4512,PR_FS,0,,2012-07-02 11:00,2012-08-09 08:00
145,40948,101889,101888,4512,4512,PR_FS,0,,2012-07-08 12:00,2012-08-15 09:00
146,40949,101890,101889,4512,4512,PR_FS,0,,2012-07-09 10:00,2012-08-16 07:00
147,40950,101891,101890,4512,4512,PR_FS,0,,2012-07-15 11:00,2012-08-25 13:00
148,40951,101893,101892,4512,4512,PR_FS,0,,2012-07-18 13:00,2012-09-20 08:00
149,40952,101894,101893,4512,4512,PR_FS,0,,2012-07-23 08:00,2012-09-24 13:00
150,40953,101895,101894,4512,4512,PR_FS,0,,2012-07-23 16:00,2012-09-25 11:00
151,40954,101896,101895,4512,4512,PR_FS,0,,2012-07-25 12:00,2012-09-27 15:00
152,40955,101937,101936,4512,4512,PR_FS,0,,2012-07-03 17:00,2012-08-14 11:00
153,40956,101939,101938,4512,4512,PR_FS,0,,2012-07-27 10:30,2012-12-16 10:00
154,40957,101941,101940,4512,4512,PR_FS,0,,2013-05-10 14:30,2013-06-17 14:00
155,40958,101901,101900,4512,4512,PR_FS,0,,2012-07-12 12:00,2012-09-19 10:00
156,40959,101903,101902,4512,4512,PR_FS,0,,2012-07-27 10:30,2012-12-16 10:00
157,40960,101902,101938,4512,4512,PR_SS,0,,2012-07-24 14:00,2012-09-23 15:00
158,40961,101912,101902,4512,4512,PR_SS,0,,2012-07-24 14:00,2012-09-23 15:00
159,40962,101913,101912,4512,4512,PR_FS,0,,2012-07-27 10:30,2012-12-16 10:00
160,40963,101915,101914,4512,4512,PR_FS,0,,2013-06-06 10:00,2013-07-14 12:00
161,40964,101905,101904,4512,4512,PR_FS,0,,2012-07-20 11:30,2012-08-30 11:00
162,40965,101907,101906,4512,4512,PR_FS,0,,2012-08-01 11:00,2012-12-11 15:00
163,40966,101908,101906,4512,4512,PR_SS,0,,2012-07-27 10:30,2012-09-23 15:00
164,40967,101909,101908,4512,4512,PR_FS,0,,2012-08-01 11:00,2012-10-03 16:00
165,40968,101911,101910,4512,4512,PR_FS,0,,2012-08-08 10:00,2012-10-20 13:00
166,40969,101934,101907,4512,4512,PR_FS,0,,2012-08-14 11:00,2012-12-24 15:00
167,40970,101935,101909,4512,4512,PR_FS,0,,2012-08-06 14:00,2012-10-09 09:00
168,40971,101916,101933,4512,4512,PR_SS,376,,2012-09-04 14:00,2012-06-11 14:00
169,40972,101917,101916,4512,4512,PR_SS,0,,2012-09-04 14:00,2012-10-10 07:00
170,40973,101918,101917,4512,4512,PR_SS,40,,2012-09-09 09:00,2012-10-10 07:00
171,40974,101919,101918,4512,4512,PR_SS,8,,2012-09-09 17:00,2012-10-13 14:00
172,40975,101920,101919,4512,4512,PR_SS,8,,2012-09-10 15:00,2012-10-14 12:00
173,40976,101921,101920,4512,4512,PR_FS,0,,2012-09-13 17:00,2012-10-22 09:00
174,40977,101922,101916,4512,4512,PR_FS,0,,2012-09-07 10:30,2012-12-02 12:00
175,40978,101923,101922,4512,4512,PR_SS,0,,2012-09-07 10:30,2012-11-28 15:00
176,40979,101924,101923,4512,4512,PR_SS,16,,2012-09-09 09:00,2012-11-28 07:00
177,40980,101925,101924,4512,4512,PR_SS,24,,2012-09-11 13:00,2012-11-28 15:00
178,40981,101926,101925,4512,4512,PR_FS,0,,2012-09-16 16:00,2012-12-11 15:00
179,40982,101928,101927,4512,4512,PR_FS,0,,2012-09-15 10:00,2013-01-22 09:00
180,40983,101929,101928,4512,4512,PR_SS,8,,2012-09-16 08:00,2013-01-19 07:00
181,40984,101930,101929,4512,4512,PR_SS,16,,2012-09-17 14:00,2013-01-19 07:00
182,40985,101931,101930,4512,4512,PR_SS,24,,2012-09-20 08:00,2013-01-19 15:00
183,40986,101932,101931,4512,4512,PR_FS,0,,2012-09-26 09:00,2013-02-01 12:30
184,40987,101943,101942,4512,4512,PR_FS,0,,2012-09-26 17:00,2013-02-20 11:00
185,40988,101944,101943,4512,4512,PR_FS,0,,2012-10-03 08:00,2013-02-26 12:00
186,40989,101945,101944,4512,4512,PR_FS,0,,2012-10-11 13:00,2013-03-07 07:00
187,40990,101946,101945,4512,4512,PR_SS,48,,2012-10-16 16:00,2013-02-28 16:00
188,40991,101947,101946,4512,4512,PR_FS,0,,2012-10-22 17:00,2013-03-18 11:00
189,40992,101948,101921,4512,4512,PR_FS,0,,2012-09-16 16:00,2012-10-24 13:00
190,40993,101949,101926,4512,4512,PR_FS,0,,2012-09-20 08:00,2012-12-15 12:00
191,40994,101950,101932,4512,4512,PR_FS,0,,2012-09-29 08:00,2013-02-04 09:00
192,40995,101951,101947,4512,4512,PR_FS,0,,2012-10-28 09:00,2013-03-21 13:00
193,40996,101952,101935,4512,4512,PR_FS,0,,2012-08-24 12:30,2012-10-23 15:00
194,40997,101954,101911,4512,4512,PR_FS,0,,2012-08-11 17:00,2012-10-23 15:00
195,40998,102026,101937,4512,4512,PR_SS,0,,2012-07-04 07:00,2012-08-08 10:00
196,40999,102028,102026,4512,4512,PR_SS,0,,2012-07-04 07:00,2012-08-09 16:00
197,41000,102027,102028,4512,4512,PR_FS,0,,2012-07-25 12:00,2012-09-08 11:00
198,41001,102035,102034,4512,4512,PR_FS,0,,2012-07-29 17:00,2012-09-12 11:00
199,41002,102036,102035,4512,4512,PR_FS,0,,2012-08-12 15:00,2012-09-26 09:00
200,41003,102037,102036,4512,4512,PR_FS,0,,2012-08-27 09:00,2012-10-07 13:00
201,41004,102039,102038,4512,4512,PR_SS,8,,2012-09-02 10:00,2012-10-10 15:00
202,41005,102040,102039,4512,4512,PR_SS,24,,2012-09-04 14:00,2012-10-10 15:00
203,41006,102041,102040,4512,4512,PR_FS,0,,2012-09-09 17:00,2012-10-21 11:00
204,41007,102038,102037,4512,4512,PR_FS,0,,2012-09-01 12:00,2012-10-12 13:30
205,41008,102043,102042,4512,4512,PR_FS,0,,2012-10-02 10:00,2012-11-11 07:00
206,41009,102044,102043,4512,4512,PR_FS,0,,2012-10-19 12:30,2012-11-28 07:00
207,41010,102045,102044,4512,4512,PR_FS,0,,2012-11-11 15:00,2012-12-19 12:00
208,41011,102046,102045,4512,4512,PR_FS,0,,2012-11-13 11:00,2012-12-21 10:30
209,41012,102029,102046,4512,4512,PR_SS,8,,2012-11-14 09:00,2012-12-18 14:00
210,41013,102030,102029,4512,4512,PR_FS,0,,2012-11-17 16:00,2012-12-25 13:00
211,41014,102031,102030,4512,4512,PR_SS,8,,2012-11-18 14:00,2012-12-21 10:30
212,41015,102032,102031,4512,4512,PR_SS,8,,2012-11-19 12:00,2012-12-22 11:00
213,41016,102033,102032,4512,4512,PR_SS,8,,2012-11-20 10:00,2012-12-23 09:00
214,41017,101960,102033,4512,4512,PR_SS,16,,2012-11-21 16:00,2012-12-24 07:00
215,41018,101961,101960,4512,4512,PR_FS,0,,2012-11-25 13:00,2013-01-02 10:00
216,41019,101962,101961,4512,4512,PR_SS,8,,2012-11-26 11:00,2012-12-29 10:00
217,41020,101963,101962,4512,4512,PR_SS,8,,2012-11-27 09:00,2012-12-29 10:00
218,41021,101964,101963,4512,4512,PR_SS,8,,2012-11-27 17:00,2012-12-30 16:00
219,41022,101965,101964,4512,4512,PR_SS,8,,2012-11-28 15:00,2012-12-31 14:00
220,41023,101966,101965,4512,4512,PR_SS,8,,2012-11-29 13:00,2013-01-01 12:00
221,41024,101967,101966,4512,4512,PR_SS,8,,2012-11-30 13:30,2012-12-31 14:00
222,41025,101968,101967,4512,4512,PR_SS,8,,2012-12-01 14:00,2013-01-03 08:00
223,41026,101970,101969,4512,4512,PR_FS,0,,2012-12-05 14:00,2013-01-12 16:00
224,41027,101971,101970,4512,4512,PR_SS,8,,2012-12-06 12:00,2013-01-08 11:00
225,41028,101972,101971,4512,4512,PR_SS,8,,2012-12-07 12:30,2013-01-08 11:00
226,41029,101973,101972,4512,4512,PR_SS,8,,2012-12-08 13:00,2013-01-10 07:00
227,41030,101974,101973,4512,4512,PR_SS,8,,2012-12-09 11:00,2013-01-10 15:00
228,41031,101975,101974,4512,4512,PR_SS,8,,2012-12-10 09:00,2013-01-12 08:00
229,41032,101976,101975,4512,4512,PR_SS,8,,2012-12-10 17:00,2013-01-10 15:00
230,41033,101977,101976,4512,4512,PR_SS,8,,2012-12-11 15:00,2013-01-13 14:00
231,41034,101969,101968,4512,4512,PR_SS,0,,2012-12-01 14:00,2013-01-03 16:00
232,41035,101979,101978,4512,4512,PR_FS,0,,2012-12-19 12:00,2013-01-26 14:00
233,41036,101980,101979,4512,4512,PR_SS,8,,2012-12-20 10:00,2013-01-22 09:00
234,41037,101981,101980,4512,4512,PR_SS,8,,2012-12-21 10:30,2013-01-22 09:00
235,41038,101982,101981,4512,4512,PR_SS,8,,2012-12-22 11:00,2013-01-23 15:00
236,41039,101983,101982,4512,4512,PR_SS,8,,2012-12-23 09:00,2013-01-24 13:00
237,41040,101984,101983,4512,4512,PR_SS,8,,2012-12-23 17:00,2013-01-25 13:30
238,41041,101985,101984,4512,4512,PR_SS,8,,2012-12-24 15:00,2013-01-24 13:00
239,41042,101986,101985,4512,4512,PR_SS,8,,2012-12-25 13:00,2013-01-27 11:00
240,41043,101978,101977,4512,4512,PR_FS,0,,2012-12-16 10:00,2013-01-23 07:00
241,41044,101978,101987,4512,4512,PR_SS,0,,2012-11-24 15:00,2013-01-15 10:00
242,41045,101988,101986,4512,4512,PR_FS,0,,2012-12-30 08:00,2013-02-05 07:00
243,41046,101989,101988,4512,4512,PR_FS,0,,2013-01-03 08:00,2013-02-09 12:00
244,41047,101990,101989,4512,4512,PR_SS,0,,2013-01-03 08:00,2013-02-03 11:00
245,41048,101991,101990,4512,4512,PR_SS,8,,2013-01-03 16:00,2013-02-04 09:00
246,41049,101992,101991,4512,4512,PR_SS,8,,2013-01-05 09:00,2013-02-05 15:00
247,41050,101993,101992,4512,4512,PR_FS,0,,2013-01-09 09:00,2013-02-15 10:30
248,41051,101994,101953,4512,4512,PR_SS,360,,2012-09-30 14:00,2012-10-19 12:29
249,41052,101994,101993,4512,4512,PR_SS,0,,2013-01-09 09:00,2013-02-11 16:00
250,41053,101995,101994,4512,4512,PR_FS,0,,2013-01-14 12:00,2013-02-20 11:00
251,41054,101996,101995,4512,4512,PR_FS,0,,2013-01-21 11:00,2013-02-27 10:00
252,41055,101997,101996,4512,4512,PR_FS,0,,2013-02-05 15:00,2013-03-16 07:00
253,41056,101998,101997,4512,4512,PR_FS,0,,2013-02-14 10:00,2013-03-24 12:00
254,41057,101999,101998,4512,4512,PR_FS,0,,2013-02-18 15:00,2013-03-28 12:00
255,41058,102000,101999,4512,4512,PR_SS,0,,2013-02-18 15:00,2013-03-22 13:30
256,41059,102002,102001,4512,4512,PR_FS,0,,2013-02-27 10:00,2013-04-06 12:00
257,41060,102003,102002,4512,4512,PR_FS,0,,2013-03-19 17:00,2013-04-27 09:00
258,41061,102004,102003,4512,4512,PR_FS,0,,2013-03-22 13:30,2013-04-30 11:00
259,41062,102005,102004,4512,4512,PR_FS,0,,2013-04-02 15:00,2013-05-11 15:00
260,41063,102008,102007,4512,4512,PR_SS,8,,2013-03-31 11:00,2013-05-02 15:00
261,41064,102009,102008,4512,4512,PR_FS,0,,2013-04-04 11:00,2013-05-12 13:00
262,41065,102010,102009,4512,4512,PR_FS,0,,2013-04-06 12:00,2013-05-14 09:00
263,41066,102012,102011,4512,4512,PR_SS,24,,2013-04-08 08:00,2013-05-08 08:00
264,41067,102013,102012,4512,4512,PR_FS,0,,2013-04-12 10:30,2013-05-20 10:00
265,41068,102014,102013,4512,4512,PR_SS,0,,2013-04-12 10:30,2013-05-16 13:00
266,41069,102015,102014,4512,4512,PR_FS,0,,2013-04-14 09:00,2013-05-21 16:00
267,41070,102016,102015,4512,4512,PR_FS,0,,2013-04-18 09:00,2013-05-26 11:00
268,41071,102017,102016,4512,4512,PR_FS,0,,2013-04-21 08:00,2013-05-28 15:00
269,41072,102018,102017,4512,4512,PR_FS,0,,2013-04-23 12:00,2013-05-31 11:30
270,41073,102020,102019,4512,4512,PR_FS,0,,2013-06-11 13:00,2013-07-19 12:30
271,41074,102021,102020,4512,4512,PR_FS,0,,2013-06-13 17:00,2013-07-22 09:00
272,41075,102023,102022,4512,4512,PR_FS,0,,2013-06-20 08:00,2013-07-28 10:00
273,41076,102024,102023,4512,4512,PR_FS,0,,2013-06-24 13:00,2013-08-01 10:00
274,41077,102025,102024,4512,4512,PR_FS,0,,2013-06-29 08:00,2013-08-05 15:00
275,41078,101940,102018,4512,4512,PR_SS,0,,2013-04-23 12:00,2013-05-29 13:00
276,41079,102036,101901,4512,4512,PR_FS,0,,2012-07-19 11:00,2012-09-26 09:00
277,41080,101910,101908,4512,4512,PR_FS,0,,2012-08-01 11:00,2012-10-13 14:00
278,41081,102007,102006,4512,4512,PR_FS,0,,2013-03-30 13:00,2013-05-07 10:00
279,41082,102012,102010,4512,4512,PR_FS,0,,2013-04-08 16:00,2013-05-16 13:00
280,41083,101892,101891,4512,4512,PR_FS,0,,2012-07-17 15:00,2012-09-19 10:00
281,41084,101900,101937,4512,4512,PR_FS,0,,2012-07-10 08:00,2012-09-16 16:00
282,41085,101927,101934,4512,4512,PR_FS,0,,2012-09-12 11:00,2013-01-19 15:00
283,41086,101927,101923,4512,4512,PR_FS,0,,2012-09-11 13:00,2013-01-19 15:00
284,41087,101942,101930,4512,4512,PR_FS,0,,2012-09-22 17:00,2013-02-16 11:00
285,41088,102029,101949,4512,4512,PR_FS,0,,2012-09-26 17:00,2012-12-22 11:00
286,41089,101990,101950,4512,4512,PR_FS,0,,2012-10-03 16:00,2013-02-09 12:00
287,41090,101999,101951,4512,4512,PR_FS,0,,2012-11-04 08:00,2013-03-28 12:00
288,41091,102006,102003,4512,4512,PR_FS,0,,2013-03-22 13:30,2013-04-29 13:00
289,41092,101874,101873,4512,4512,PR_FS,0,,2012-07-02 11:00,2012-08-09 08:00
290,41093,101875,101874,4512,4512,PR_FS,0,,2012-07-08 12:00,2012-08-15 09:00
291,41094,101876,101875,4512,4512,PR_FS,0,,2012-07-09 10:00,2012-08-16 07:00
292,41095,101877,101876,4512,4512,PR_FS,0,,2012-07-15 11:00,2012-08-25 13:00
293,41096,101879,101878,4512,4512,PR_FS,0,,2012-07-18 13:00,2012-08-28 15:00
294,41097,101880,101879,4512,4512,PR_FS,0,,2012-07-23 08:00,2012-09-02 10:00
295,41098,101881,101880,4512,4512,PR_FS,0,,2012-07-23 16:00,2012-09-03 08:00
296,41099,101882,101881,4512,4512,PR_FS,0,,2012-07-25 12:00,2012-09-05 12:00
297,41100,101718,101717,4512,4512,PR_FS,0,,2012-07-03 17:00,2012-08-02 09:00
298,41101,101720,101719,4512,4512,PR_FS,0,,2012-07-27 10:30,2012-12-22 11:00
299,41102,101722,101721,4512,4512,PR_FS,0,,2013-05-21 08:00,2013-06-19 10:00
300,41103,101764,101763,4512,4512,PR_FS,0,,2012-07-12 12:00,2012-09-05 12:00
301,41104,101724,101723,4512,4512,PR_FS,0,,2012-07-27 10:30,2012-12-22 11:00
302,41105,101723,101719,4512,4512,PR_SS,0,,2012-07-24 14:00,2012-09-01 12:00
303,41106,101725,101723,4512,4512,PR_SS,0,,2012-07-24 14:00,2012-09-01 12:00
304,41107,101726,101725,4512,4512,PR_FS,0,,2012-07-27 10:30,2012-12-22 11:00
305,41108,101728,101727,4512,4512,PR_FS,0,,2013-06-17 14:00,2013-07-16 16:00
306,41109,101730,101729,4512,4512,PR_FS,0,,2012-07-20 11:30,2012-08-30 11:00
307,41110,101732,101731,4512,4512,PR_FS,0,,2012-08-01 11:00,2012-12-20 10:00
308,41111,101733,101731,4512,4512,PR_SS,0,,2012-07-27 10:30,2012-09-01 12:00
309,41112,101734,101733,4512,4512,PR_FS,0,,2012-08-01 11:00,2012-09-11 13:00
310,41113,101736,101735,4512,4512,PR_FS,0,,2012-08-08 10:00,2012-10-23 15:00
311,41114,101738,101732,4512,4512,PR_FS,0,,2012-08-06 14:00,2012-12-25 13:00
312,41115,101739,101734,4512,4512,PR_FS,0,,2012-08-06 14:00,2012-09-16 16:00
313,41116,101740,101737,4512,4512,PR_SS,392,,2012-09-06 10:00,2012-06-11 14:00
314,41117,101741,101740,4512,4512,PR_SS,0,,2012-09-06 10:00,2012-10-11 13:00
315,41118,101742,101741,4512,4512,PR_SS,40,,2012-09-10 15:00,2012-10-11 13:00
316,41119,101743,101742,4512,4512,PR_SS,8,,2012-09-11 13:00,2012-10-15 10:00
317,41120,101744,101743,4512,4512,PR_SS,8,,2012-09-12 11:00,2012-10-16 08:00
318,41121,101745,101744,4512,4512,PR_FS,0,,2012-09-16 08:00,2012-10-23 15:00
319,41122,101746,101740,4512,4512,PR_FS,0,,2012-09-09 09:00,2012-12-05 14:00
320,41123,101747,101746,4512,4512,PR_SS,0,,2012-09-09 09:00,2012-12-02 12:00
321,41124,101748,101747,4512,4512,PR_SS,16,,2012-09-10 15:00,2012-12-01 14:00
322,41125,101749,101748,4512,4512,PR_SS,24,,2012-09-13 09:00,2012-12-02 12:00
323,41126,101750,101749,4512,4512,PR_FS,0,,2012-09-18 12:00,2012-12-15 12:00
324,41127,101752,101751,4512,4512,PR_FS,0,,2012-09-16 08:00,2013-01-24 13:00
325,41128,101753,101752,4512,4512,PR_SS,8,,2012-09-16 16:00,2013-01-21 11:00
326,41129,101754,101753,4512,4512,PR_SS,16,,2012-09-18 12:00,2013-01-21 11:00
327,41130,101755,101754,4512,4512,PR_SS,24,,2012-09-20 16:00,2013-01-22 09:00
328,41131,101756,101755,4512,4512,PR_FS,0,,2012-09-26 17:00,2013-02-04 09:00
329,41132,101758,101757,4512,4512,PR_FS,0,,2012-09-27 15:00,2013-02-19 13:00
330,41133,101759,101758,4512,4512,PR_FS,0,,2012-10-03 16:00,2013-02-25 14:00
331,41134,101760,101759,4512,4512,PR_FS,0,,2012-10-12 13:30,2013-03-06 09:00
332,41135,101761,101760,4512,4512,PR_FS,0,,2012-10-18 12:00,2013-03-12 10:00
333,41136,101762,101761,4512,4512,PR_FS,0,,2012-10-24 13:00,2013-03-18 11:00
334,41137,101765,101745,4512,4512,PR_FS,0,,2012-09-18 12:00,2012-10-28 09:00
335,41138,101766,101750,4512,4512,PR_FS,0,,2012-09-22 09:00,2012-12-18 14:00
336,41139,101767,101756,4512,4512,PR_FS,0,,2012-09-29 16:00,2013-02-06 13:00
337,41140,101768,101762,4512,4512,PR_FS,0,,2012-10-29 15:00,2013-03-21 13:00
338,41141,101769,101739,4512,4512,PR_FS,0,,2012-09-19 10:00,2012-10-29 07:00
339,41142,101771,101736,4512,4512,PR_FS,0,,2012-08-11 17:00,2012-10-29 07:00
340,41143,101854,101718,4512,4512,PR_SS,0,,2012-07-04 07:00,2012-07-27 10:30
341,41144,101856,101854,4512,4512,PR_SS,0,,2012-07-04 07:00,2012-07-29 09:00
342,41145,101855,101856,4512,4512,PR_FS,0,,2012-07-25 12:00,2012-08-27 09:00
343,41146,101858,101857,4512,4512,PR_SS,8,,2012-07-28 11:00,2012-08-26 11:00
344,41147,101859,101858,4512,4512,PR_FS,0,,2012-08-11 09:00,2012-09-12 11:00
345,41148,101860,101859,4512,4512,PR_FS,0,,2012-08-23 12:00,2012-09-22 09:00
346,41149,101862,101861,4512,4512,PR_FS,0,,2012-09-07 10:30,2012-10-06 15:00
347,41150,101863,101862,4512,4512,PR_FS,0,,2012-09-09 17:00,2012-10-09 09:00
348,41151,101864,101863,4512,4512,PR_FS,0,,2012-09-19 10:00,2012-10-18 12:00
349,41152,101861,101860,4512,4512,PR_FS,0,,2012-09-02 10:00,2012-10-01 12:00
350,41153,101778,101777,4512,4512,PR_FS,0,,2012-10-14 12:00,2012-11-14 09:00
351,41154,101779,101778,4512,4512,PR_FS,0,,2012-11-01 17:00,2012-12-01 14:00
352,41155,101780,101779,4512,4512,PR_FS,0,,2012-11-23 14:30,2012-12-23 09:00
353,41156,101781,101780,4512,4512,PR_FS,0,,2012-11-25 13:00,2012-12-24 15:00
354,41157,101782,101781,4512,4512,PR_SS,8,,2012-11-26 11:00,2012-12-22 11:00
355,41158,101783,101782,4512,4512,PR_FS,0,,2012-11-29 13:00,2012-12-29 10:00
356,41159,101784,101783,4512,4512,PR_SS,8,,2012-11-30 13:30,2012-12-24 15:00
357,41160,101785,101784,4512,4512,PR_SS,8,,2012-12-01 14:00,2012-12-25 13:00
358,41161,101786,101785,4512,4512,PR_SS,8,,2012-12-02 12:00,2012-12-26 11:00
359,41162,101787,101786,4512,4512,PR_SS,16,,2012-12-04 08:00,2012-12-27 09:00
360,41163,101788,101787,4512,4512,PR_FS,0,,2012-12-07 12:30,2013-01-06 07:00
361,41164,101789,101788,4512,4512,PR_SS,8,,2012-12-08 13:00,2013-01-01 12:00
362,41165,101790,101789,4512,4512,PR_SS,8,,2012-12-09 11:00,2013-01-01 12:00
363,41166,101791,101790,4512,4512,PR_SS,8,,2012-12-10 09:00,2013-01-03 08:00
364,41167,101792,101791,4512,4512,PR_SS,8,,2012-12-10 17:00,2013-01-03 16:00
365,41168,101793,101792,4512,4512,PR_SS,8,,2012-12-11 15:00,2013-01-05 09:00
366,41169,101794,101793,4512,4512,PR_SS,8,,2012-12-12 13:00,2013-01-03 16:00
367,41170,101795,101794,4512,4512,PR_SS,8,,2012-12-13 11:00,2013-01-06 15:00
368,41171,101797,101796,4512,4512,PR_FS,0,,2012-12-17 08:00,2013-01-15 10:00
369,41172,101798,101797,4512,4512,PR_SS,8,,2012-12-17 16:00,2013-01-10 15:00
370,41173,101799,101798,4512,4512,PR_SS,8,,2012-12-18 14:00,2013-01-10 15:00
371,41174,101800,101799,4512,4512,PR_SS,8,,2012-12-19 12:00,2013-01-12 16:00
372,41175,101801,101800,4512,4512,PR_SS,8,,2012-12-20 10:00,2013-01-13 14:00
373,41176,101802,101801,4512,4512,PR_SS,8,,2012-12-21 10:30,2013-01-14 12:00
374,41177,101803,101802,4512,4512,PR_SS,8,,2012-12-22 11:00,2013-01-13 14:00
375,41178,101804,101803,4512,4512,PR_SS,8,,2012-12-23 09:00,2013-01-16 08:00
376,41179,101796,101795,4512,4512,PR_SS,0,,2012-12-13 11:00,2013-01-07 13:00
377,41180,101806,101805,4512,4512,PR_FS,0,,2012-12-30 16:00,2013-01-28 10:00
378,41181,101807,101806,4512,4512,PR_SS,8,,2012-12-31 14:00,2013-01-24 13:00
379,41182,101808,101807,4512,4512,PR_SS,8,,2013-01-01 12:00,2013-01-24 13:00
380,41183,101809,101808,4512,4512,PR_SS,8,,2013-01-02 10:00,2013-01-26 14:00
381,41184,101810,101809,4512,4512,PR_SS,8,,2013-01-03 08:00,2013-01-27 11:00
382,41185,101811,101810,4512,4512,PR_SS,8,,2013-01-03 16:00,2013-01-27 19:00
383,41186,101812,101811,4512,4512,PR_SS,8,,2013-01-05 09:00,2013-01-27 11:00
384,41187,101813,101812,4512,4512,PR_SS,8,,2013-01-05 17:00,2013-01-29 08:00
385,41188,101805,101804,4512,4512,PR_FS,0,,2012-12-27 09:00,2013-01-25 13:30
386,41189,101814,101786,4512,4512,PR_FS,0,,2012-12-06 12:00,2013-01-25 13:30
387,41190,101805,101814,4512,4512,PR_SS,0,,2012-12-06 12:00,2013-01-17 14:00
388,41191,101815,101813,4512,4512,PR_FS,0,,2013-01-09 17:00,2013-02-07 11:00
389,41192,101816,101815,4512,4512,PR_FS,0,,2013-01-14 12:00,2013-02-11 16:00
390,41193,101817,101816,4512,4512,PR_SS,0,,2013-01-14 12:00,2013-02-05 15:00
391,41194,101818,101817,4512,4512,PR_SS,8,,2013-01-15 10:00,2013-02-06 13:00
392,41195,101819,101818,4512,4512,PR_SS,8,,2013-01-16 08:00,2013-02-08 11:30
393,41196,101820,101819,4512,4512,PR_FS,0,,2013-01-20 13:00,2013-02-18 07:00
394,41197,101821,101770,4512,4512,PR_SS,360,,2012-09-30 14:00,2012-10-25 10:59
395,41198,101821,101820,4512,4512,PR_FS,0,,2013-01-23 15:00,2013-02-21 09:00
396,41199,101822,101821,4512,4512,PR_FS,0,,2013-01-27 19:00,2013-02-25 14:00
397,41200,101823,101822,4512,4512,PR_FS,0,,2013-02-02 13:00,2013-03-03 15:00
398,41201,101824,101823,4512,4512,PR_FS,0,,2013-02-13 12:00,2013-03-14 14:00
399,41202,101825,101824,4512,4512,PR_FS,0,,2013-02-21 09:00,2013-03-22 13:30
400,41203,101826,101825,4512,4512,PR_FS,0,,2013-02-25 14:00,2013-03-26 16:00
401,41204,101827,101826,4512,4512,PR_SS,0,,2013-02-25 14:00,2013-03-24 12:00
402,41205,101829,101828,4512,4512,PR_FS,0,,2013-03-02 17:00,2013-04-01 09:00
403,41206,101830,101829,4512,4512,PR_FS,0,,2013-03-21 13:00,2013-04-20 10:00
404,41207,101831,101830,4512,4512,PR_FS,0,,2013-03-24 12:00,2013-05-02 07:00
405,41208,101832,101831,4512,4512,PR_FS,0,,2013-03-27 14:00,2013-05-05 14:00
406,41209,101835,101834,4512,4512,PR_SS,8,,2013-04-01 17:00,2013-04-25 16:00
407,41210,101836,101835,4512,4512,PR_FS,0,,2013-04-06 12:00,2013-05-05 14:00
408,41211,101837,101836,4512,4512,PR_FS,0,,2013-04-08 08:00,2013-05-07 10:00
409,41212,101839,101838,4512,4512,PR_SS,24,,2013-04-01 09:00,2013-05-01 09:00
410,41213,101840,101839,4512,4512,PR_FS,0,,2013-04-14 09:00,2013-05-13 11:00
411,41214,101841,101840,4512,4512,PR_SS,0,,2013-04-14 09:00,2013-05-09 14:00
412,41215,101842,101841,4512,4512,PR_FS,0,,2013-04-15 15:00,2013-05-15 07:00
413,41216,101843,101842,4512,4512,PR_FS,0,,2013-04-20 10:00,2013-05-19 12:00
414,41217,101844,101843,4512,4512,PR_FS,0,,2013-04-22 14:00,2013-05-21 16:00
415,41218,101845,101844,4512,4512,PR_FS,0,,2013-04-25 08:00,2013-05-24 12:30
416,41219,101847,101846,4512,4512,PR_FS,0,,2013-06-22 17:00,2013-07-22 09:00
417,41220,101848,101847,4512,4512,PR_FS,0,,2013-06-25 11:00,2013-07-24 13:00
418,41221,101850,101849,4512,4512,PR_FS,0,,2013-07-01 12:00,2013-07-30 14:00
419,41222,101851,101850,4512,4512,PR_FS,0,,2013-07-05 14:30,2013-08-04 09:00
420,41223,101852,101851,4512,4512,PR_FS,0,,2013-07-09 17:00,2013-08-08 09:00
421,41224,101721,101845,4512,4512,PR_SS,0,,2013-04-25 08:00,2013-05-22 14:00
422,41225,101735,101733,4512,4512,PR_FS,0,,2012-08-01 11:00,2012-10-16 16:00
423,41226,101834,101833,4512,4512,PR_FS,0,,2013-04-01 09:00,2013-04-30 11:00
424,41227,101839,101837,4512,4512,PR_FS,0,,2013-04-10 12:00,2013-05-09 14:00
425,41228,101763,101718,4512,4512,PR_FS,0,,2012-07-10 08:00,2012-09-03 08:00
426,41229,101751,101738,4512,4512,PR_FS,0,,2012-09-06 10:00,2013-01-22 09:00
427,41230,101751,101747,4512,4512,PR_FS,0,,2012-09-13 09:00,2013-01-22 09:00
428,41231,101757,101754,4512,4512,PR_FS,0,,2012-09-23 15:00,2013-02-15 10:30
429,41232,101782,101766,4512,4512,PR_FS,0,,2012-09-29 08:00,2012-12-25 13:00
430,41233,101817,101767,4512,4512,PR_FS,0,,2012-10-04 14:00,2013-02-11 16:00
431,41234,101826,101768,4512,4512,PR_FS,0,,2012-11-04 08:00,2013-03-26 16:00
432,41235,101833,101830,4512,4512,PR_FS,0,,2013-03-24 12:00,2013-04-22 14:00
433,41236,102231,102230,4512,4512,PR_FS,0,,2012-07-02 11:00,2012-07-06 13:30
434,41237,102232,102231,4512,4512,PR_FS,0,,2012-07-08 12:00,2012-07-12 12:00
435,41238,102233,102232,4512,4512,PR_FS,0,,2012-07-09 10:00,2012-07-13 12:30
436,41239,102234,102233,4512,4512,PR_FS,0,,2012-07-15 11:00,2012-07-19 11:00
437,41240,102226,102225,4512,4512,PR_FS,0,,2012-07-18 13:00,2012-07-23 08:00
438,41241,102227,102226,4512,4512,PR_FS,0,,2012-07-23 08:00,2012-07-27 10:30
439,41242,102228,102227,4512,4512,PR_FS,0,,2012-07-23 16:00,2012-07-28 11:00
440,41243,102229,102228,4512,4512,PR_FS,0,,2012-07-25 12:00,2012-07-30 07:00
441,41244,102239,102238,4512,4512,PR_FS,0,,2012-07-31 13:00,2012-08-05 08:00
442,41245,102241,102240,4512,4512,PR_FS,0,,2012-07-26 10:00,2012-11-14 16:59
443,41246,102243,102242,4512,4512,PR_FS,0,,2013-07-01 12:00,2013-07-06 07:00
444,41247,102292,102291,4512,4512,PR_FS,0,,2012-09-18 12:00,2012-10-12 13:30
445,41248,102245,102244,4512,4512,PR_FS,0,,2012-07-26 10:00,2012-12-05 13:59
446,41249,102244,102240,4512,4512,PR_SS,0,,2012-07-24 14:00,2012-08-26 11:00
447,41250,102246,102244,4512,4512,PR_SS,0,,2012-07-24 14:00,2012-08-26 11:00
448,41251,102247,102246,4512,4512,PR_FS,0,,2012-07-27 10:30,2012-12-03 09:59
449,41252,102249,102248,4512,4512,PR_FS,0,,2013-07-20 13:00,2013-07-24 13:00
450,41253,102251,102250,4512,4512,PR_FS,0,,2012-07-19 11:00,2012-08-24 12:30
451,41254,102253,102252,4512,4512,PR_FS,0,,2012-07-31 13:00,2012-12-19 12:00
452,41255,102254,102252,4512,4512,PR_SS,0,,2012-07-27 10:30,2012-08-26 11:00
453,41256,102255,102254,4512,4512,PR_FS,0,,2012-07-31 13:00,2012-09-03 16:00
454,41257,102257,102256,4512,4512,PR_FS,0,,2012-08-06 14:00,2012-10-15 10:00
455,41258,102259,102253,4512,4512,PR_FS,0,,2012-08-05 08:00,2012-12-24 07:00
456,41259,102260,102255,4512,4512,PR_FS,0,,2012-08-05 08:00,2012-09-08 11:00
457,41260,102261,102258,4512,4512,PR_SS,480,,2012-09-13 17:00,2012-06-05 13:00
458,41261,102262,102261,4512,4512,PR_SS,0,,2012-09-14 09:30,2012-10-13 14:00
459,41262,102263,102262,4512,4512,PR_SS,40,,2012-09-18 12:00,2012-10-10 07:00
460,41263,102264,102263,4512,4512,PR_SS,16,,2012-09-20 08:00,2012-10-15 10:00
461,41264,102265,102264,4512,4512,PR_SS,32,,2012-09-23 15:00,2012-10-16 08:00
462,41265,102266,102265,4512,4512,PR_FS,0,,2012-09-29 16:00,2012-11-03 10:00
463,41266,102267,102261,4512,4512,PR_FS,0,,2012-09-17 14:00,2012-11-24 15:00
464,41267,102268,102267,4512,4512,PR_SS,0,,2012-09-17 14:00,2012-11-18 14:00
465,41268,102269,102268,4512,4512,PR_SS,32,,2012-09-20 16:00,2012-11-11 07:00
466,41269,102270,102269,4512,4512,PR_SS,40,,2012-09-25 11:00,2012-11-14 09:00
467,41270,102271,102270,4512,4512,PR_FS,0,,2012-10-13 14:00,2012-12-20 10:00
468,41271,102273,102272,4512,4512,PR_FS,0,,2012-10-03 16:00,2013-01-22 09:00
469,41272,102274,102273,4512,4512,PR_SS,16,,2012-10-05 14:30,2013-01-17 14:00
470,41273,102275,102274,4512,4512,PR_SS,24,,2012-10-08 11:00,2013-01-19 07:00
471,41274,102276,102275,4512,4512,PR_SS,56,,2012-10-14 12:00,2013-01-15 10:00
472,41275,102277,102276,4512,4512,PR_FS,0,,2012-10-22 09:00,2013-02-08 11:30
473,41276,102279,102278,4512,4512,PR_FS,0,,2012-10-22 17:00,2013-03-02 09:00
474,41277,102280,102279,4512,4512,PR_FS,0,,2012-10-29 15:00,2013-03-07 07:00
475,41278,102281,102280,4512,4512,PR_FS,40,,2012-11-10 17:00,2013-03-14 14:00
476,41279,102282,102281,4512,4512,PR_SS,48,,2012-11-15 15:00,2013-03-09 16:00
477,41280,102283,102282,4512,4512,PR_FS,0,,2012-11-25 13:00,2013-04-02 15:00
478,41281,102284,102266,4512,4512,PR_FS,0,,2012-10-01 12:00,2012-11-04 16:00
479,41282,102285,102271,4512,4512,PR_FS,0,,2012-10-16 08:00,2012-12-23 09:00
480,41283,102286,102277,4512,4512,PR_FS,0,,2012-10-23 15:00,2013-02-10 10:00
481,41284,102287,102283,4512,4512,PR_FS,0,,2012-11-27 17:00,2013-04-05 11:30
482,41285,102288,102260,4512,4512,PR_FS,0,,2012-09-16 16:00,2012-10-17 14:00
483,41286,102290,102257,4512,4512,PR_FS,0,,2012-08-09 08:00,2012-10-17 14:00
484,41287,102298,102239,4512,4512,PR_SS,0,,2012-07-31 13:00,2012-06-21 15:00
485,41288,102300,102298,4512,4512,PR_FS,0,,2012-08-02 09:00,2012-08-06 14:00
486,41289,102299,102300,4512,4512,PR_FS,0,,2012-10-03 16:00,2012-10-08 11:00
487,41290,102302,102301,4512,4512,PR_SS,8,,2012-10-05 14:30,2012-10-06 15:00
488,41291,102303,102302,4512,4512,PR_FS,0,,2012-10-14 12:00,2012-10-18 12:00
489,41292,102304,102303,4512,4512,PR_FS,0,,2012-10-20 13:00,2012-10-24 13:00
490,41293,102383,102382,4512,4512,PR_FS,0,,2012-10-29 15:00,2012-11-03 10:00
491,41294,102384,102383,4512,4512,PR_FS,0,,2012-11-01 09:00,2012-11-05 14:00
492,41295,102385,102384,4512,4512,PR_FS,0,,2012-11-03 10:00,2012-11-07 10:00
493,41296,102382,102304,4512,4512,PR_FS,0,,2012-10-25 11:00,2012-10-31 11:00
494,41297,102306,102305,4512,4512,PR_FS,0,,2012-11-19 12:00,2012-11-24 07:00
495,41298,102307,102306,4512,4512,PR_FS,0,,2012-12-06 12:00,2012-12-11 07:00
496,41299,102308,102307,4512,4512,PR_FS,0,,2012-12-27 17:00,2013-01-01 12:00
497,41300,102309,102308,4512,4512,PR_FS,0,,2012-12-29 10:00,2013-01-02 10:00
498,41301,102310,102309,4512,4512,PR_SS,8,,2012-12-30 08:00,2012-12-31 14:00
499,41302,102311,102310,4512,4512,PR_FS,0,,2013-01-01 12:00,2013-01-06 07:00
500,41303,102312,102311,4512,4512,PR_SS,8,,2013-01-02 10:00,2013-01-01 12:00
501,41304,102313,102312,4512,4512,PR_SS,8,,2013-01-03 08:00,2013-01-03 08:00
502,41305,102314,102313,4512,4512,PR_SS,8,,2013-01-03 16:00,2013-01-03 16:00
503,41306,102315,102314,4512,4512,PR_SS,16,,2013-01-05 17:00,2013-01-05 09:00
504,41307,102316,102315,4512,4512,PR_FS,0,,2013-01-08 11:00,2013-01-12 16:00
505,41308,102317,102316,4512,4512,PR_SS,8,,2013-01-09 09:00,2013-01-10 07:00
506,41309,102318,102317,4512,4512,PR_SS,8,,2013-01-09 17:00,2013-01-09 09:00
507,41310,102319,102318,4512,4512,PR_SS,8,,2013-01-10 15:00,2013-01-10 15:00
508,41311,102320,102319,4512,4512,PR_SS,8,,2013-01-12 08:00,2013-01-12 08:00
509,41312,102321,102320,4512,4512,PR_SS,8,,2013-01-12 16:00,2013-01-12 16:00
510,41313,102322,102321,4512,4512,PR_SS,8,,2013-01-13 14:00,2013-01-12 08:00
511,41314,102323,102322,4512,4512,PR_SS,8,,2013-01-14 12:00,2013-01-14 12:00
512,41315,102325,102324,4512,4512,PR_FS,0,,2013-01-16 16:00,2013-01-21 11:00
513,41316,102326,102325,4512,4512,PR_SS,8,,2013-01-17 14:00,2013-01-17 14:00
514,41317,102327,102326,4512,4512,PR_SS,8,,2013-01-18 14:30,2013-01-17 14:00
515,41318,102328,102327,4512,4512,PR_SS,8,,2013-01-19 15:00,2013-01-19 15:00
516,41319,102329,102328,4512,4512,PR_SS,8,,2013-01-20 13:00,2013-01-20 13:00
517,41320,102330,102329,4512,4512,PR_SS,8,,2013-01-21 11:00,2013-01-21 11:00
518,41321,102331,102330,4512,4512,PR_SS,8,,2013-01-22 09:00,2013-01-20 13:00
519,41322,102332,102331,4512,4512,PR_SS,8,,2013-01-22 17:00,2013-01-23 07:00
520,41323,102324,102323,4512,4512,PR_SS,0,,2013-01-14 12:00,2013-01-15 10:00
521,41324,102334,102333,4512,4512,PR_FS,0,,2013-01-28 10:00,2013-02-01 12:30
522,41325,102335,102334,4512,4512,PR_SS,8,,2013-01-29 08:00,2013-01-29 08:00
523,41326,102336,102335,4512,4512,PR_SS,8,,2013-01-29 16:00,2013-01-29 08:00
524,41327,102337,102336,4512,4512,PR_SS,8,,2013-01-30 14:00,2013-01-30 14:00
525,41328,102338,102337,4512,4512,PR_SS,8,,2013-01-31 12:00,2013-01-31 12:00
526,41329,102339,102338,4512,4512,PR_SS,8,,2013-02-01 12:30,2013-02-01 12:30
527,41330,102340,102339,4512,4512,PR_SS,8,,2013-02-02 13:00,2013-01-31 12:00
528,41331,102341,102340,4512,4512,PR_SS,8,,2013-02-03 11:00,2013-02-03 11:00
529,41332,102333,102332,4512,4512,PR_FS,0,,2013-01-26 14:00,2013-01-29 16:00
530,41333,102342,102314,4512,4512,PR_FS,0,,2013-01-07 13:00,2013-01-29 16:00
531,41334,102333,102342,4512,4512,PR_SS,0,,2013-01-07 13:00,2013-01-23 15:00
532,41335,102343,102341,4512,4512,PR_FS,0,,2013-02-06 13:00,2013-02-11 08:00
533,41336,102344,102343,4512,4512,PR_FS,0,,2013-02-10 10:00,2013-02-14 10:00
534,41337,102345,102344,4512,4512,PR_SS,0,,2013-02-10 10:00,2013-02-09 12:00
535,41338,102346,102345,4512,4512,PR_SS,8,,2013-02-11 08:00,2013-02-10 10:00
536,41339,102347,102346,4512,4512,PR_SS,8,,2013-02-11 16:00,2013-02-11 16:00
537,41340,102348,102347,4512,4512,PR_FS,0,,2013-02-17 17:00,2013-02-22 09:30
538,41341,102349,102289,4512,4512,PR_FS,0,,2012-11-11 07:01,2013-02-24 16:00
539,41342,102349,102348,4512,4512,PR_FS,0,,2013-02-20 11:00,2013-02-24 16:00
540,41343,102350,102349,4512,4512,PR_FS,0,,2013-02-24 08:00,2013-02-28 08:00
541,41344,102351,102350,4512,4512,PR_FS,0,,2013-03-02 17:00,2013-03-07 07:00
542,41345,102352,102351,4512,4512,PR_FS,0,,2013-03-19 17:00,2013-03-24 12:00
543,41346,102353,102352,4512,4512,PR_FS,0,,2013-04-01 17:00,2013-04-06 12:00
544,41347,102354,102353,4512,4512,PR_FS,0,,2013-04-07 10:00,2013-04-11 10:00
545,41348,102355,102354,4512,4512,PR_FS,0,,2013-04-11 10:00,2013-04-15 15:00
546,41349,102357,102356,4512,4512,PR_FS,0,,2013-04-16 13:00,2013-04-21 08:00
547,41350,102358,102357,4512,4512,PR_FS,0,,2013-05-06 12:00,2013-05-11 07:00
548,41351,102359,102358,4512,4512,PR_FS,0,,2013-05-08 08:00,2013-05-18 14:00
549,41352,102360,102359,4512,4512,PR_FS,0,,2013-05-18 14:00,2013-05-28 15:00
550,41353,102363,102362,4512,4512,PR_SS,8,,2013-05-17 13:30,2013-05-15 15:00
551,41354,102364,102363,4512,4512,PR_FS,0,,2013-05-22 14:00,2013-05-27 09:00
552,41355,102365,102364,4512,4512,PR_FS,0,,2013-05-25 13:00,2013-05-29 13:00
553,41356,102367,102366,4512,4512,PR_SS,24,,2013-05-22 14:00,2013-05-23 12:00
554,41357,102368,102367,4512,4512,PR_FS,0,,2013-06-02 10:00,2013-06-06 10:00
555,41358,102369,102368,4512,4512,PR_SS,0,,2013-06-02 10:00,2013-06-02 10:00
556,41359,102370,102369,4512,4512,PR_FS,0,,2013-06-04 14:00,2013-06-09 09:00
557,41360,102371,102370,4512,4512,PR_FS,0,,2013-06-09 17:00,2013-06-14 09:30
558,41361,102372,102371,4512,4512,PR_FS,0,,2013-06-13 09:00,2013-06-17 14:00
559,41362,102373,102372,4512,4512,PR_FS,0,,2013-06-16 16:00,2013-06-20 16:00
560,41363,102375,102374,4512,4512,PR_FS,0,,2013-07-23 15:00,2013-07-28 10:00
561,41364,102376,102375,4512,4512,PR_FS,0,,2013-07-25 11:00,2013-07-29 16:00
562,41365,102378,102377,4512,4512,PR_FS,0,,2013-07-29 16:00,2013-08-03 11:00
563,41366,102379,102378,4512,4512,PR_FS,0,,2013-08-01 10:00,2013-08-05 15:00
564,41367,102380,102379,4512,4512,PR_FS,0,,2013-08-04 17:00,2013-08-09 09:30
565,41368,102242,102373,4512,4512,PR_FS,0,,2013-06-19 10:00,2013-06-23 15:00
566,41369,102303,102292,4512,4512,PR_FS,0,,2012-09-24 13:00,2012-10-18 12:00
567,41370,102256,102254,4512,4512,PR_FS,0,,2012-07-31 13:00,2012-10-09 09:00
568,41371,102362,102361,4512,4512,PR_FS,0,,2013-05-16 13:00,2013-05-21 08:00
569,41372,102367,102365,4512,4512,PR_FS,0,,2013-05-28 15:00,2013-06-02 10:00
570,41373,102291,102239,4512,4512,PR_FS,0,,2012-09-16 16:00,2012-10-10 15:00
571,41374,102272,102259,4512,4512,PR_FS,0,,2012-09-03 16:00,2013-01-19 15:00
572,41375,102272,102268,4512,4512,PR_FS,0,,2012-10-01 12:00,2013-01-19 15:00
573,41376,102278,102275,4512,4512,PR_FS,0,,2012-10-19 12:30,2013-02-26 12:00
574,41377,102310,102285,4512,4512,PR_FS,0,,2012-10-28 17:00,2013-01-03 08:00
575,41378,102345,102286,4512,4512,PR_FS,0,,2012-10-29 15:00,2013-02-14 10:00
576,41379,102354,102287,4512,4512,PR_FS,0,,2012-12-04 08:00,2013-04-11 10:00
577,41380,102361,102358,4512,4512,PR_FS,0,,2013-05-08 08:00,2013-05-12 13:00
578,41381,102224,101872,4512,4512,PR_SS,0,,2012-06-30 07:00,2012-06-27 16:00
579,41382,102490,102489,4512,4512,PR_FS,0,,2012-07-01 13:00,2012-07-01 13:00
580,41383,102491,102490,4512,4512,PR_FS,0,,2012-07-07 14:00,2012-07-07 14:00
581,41384,102492,102491,4512,4512,PR_FS,0,,2012-07-08 12:00,2012-07-08 12:00
582,41385,102493,102492,4512,4512,PR_FS,0,,2012-07-14 13:00,2012-07-14 13:00
583,41386,102495,102494,4512,4512,PR_FS,0,,2012-07-18 13:00,2012-07-18 13:00
584,41387,102496,102495,4512,4512,PR_FS,0,,2012-07-23 08:00,2012-07-23 08:00
585,41388,102497,102496,4512,4512,PR_FS,0,,2012-07-23 16:00,2012-07-23 16:00
586,41389,102498,102497,4512,4512,PR_FS,0,,2012-07-25 12:00,2012-07-25 12:00
587,41390,102503,102502,4512,4512,PR_FS,0,,2012-07-31 13:00,2012-07-31 13:00
588,41391,102505,102504,4512,4512,PR_FS,0,,2012-07-28 11:00,2012-11-17 07:59
589,41392,102507,102506,4512,4512,PR_FS,0,,2013-07-07 13:00,2013-07-07 13:00
590,41393,102509,102508,4512,4512,PR_FS,0,,2012-09-18 12:00,2012-11-14 09:00
591,41394,102511,102510,4512,4512,PR_FS,0,,2012-07-28 11:00,2012-12-05 13:59
592,41395,102510,102504,4512,4512,PR_SS,0,,2012-07-24 14:00,2012-09-23 07:00
593,41396,102512,102510,4512,4512,PR_SS,0,,2012-07-24 14:00,2012-09-23 07:00
594,41397,102513,102512,4512,4512,PR_FS,0,,2012-07-27 10:30,2012-12-03 09:59
595,41398,102515,102514,4512,4512,PR_FS,0,,2013-07-31 12:00,2013-07-31 12:00
596,41399,102517,102516,4512,4512,PR_FS,0,,2012-07-19 11:00,2012-09-01 12:00
597,41400,102519,102518,4512,4512,PR_FS,0,,2012-07-31 13:00,2012-12-22 11:00
598,41401,102520,102518,4512,4512,PR_SS,0,,2012-07-27 10:30,2012-09-24 13:00
599,41402,102521,102520,4512,4512,PR_FS,0,,2012-07-31 13:00,2012-10-03 08:00
600,41403,102523,102522,4512,4512,PR_FS,0,,2012-08-06 14:00,2012-11-15 07:00
601,41404,102525,102519,4512,4512,PR_FS,0,,2012-08-05 08:00,2012-12-26 11:00
602,41405,102526,102521,4512,4512,PR_FS,0,,2012-08-05 08:00,2012-10-07 13:00
603,41406,102527,102524,4512,4512,PR_SS,496,,2012-09-16 08:00,2012-06-13 09:59
604,41407,102528,102527,4512,4512,PR_SS,0,,2012-09-16 08:00,2012-10-23 07:00
605,41408,102529,102528,4512,4512,PR_SS,40,,2012-09-20 08:00,2012-10-19 12:30
606,41409,102530,102529,4512,4512,PR_SS,16,,2012-09-22 09:00,2012-10-24 13:00
607,41410,102531,102530,4512,4512,PR_SS,32,,2012-09-25 11:00,2012-10-25 11:00
608,41411,102532,102531,4512,4512,PR_FS,0,,2012-10-01 12:00,2012-11-12 13:00
609,41412,102533,102527,4512,4512,PR_FS,0,,2012-09-19 10:00,2012-12-04 08:00
610,41413,102534,102533,4512,4512,PR_SS,0,,2012-09-19 10:00,2012-11-28 07:00
611,41414,102535,102534,4512,4512,PR_SS,32,,2012-09-22 17:00,2012-11-20 10:00
612,41415,102536,102535,4512,4512,PR_SS,40,,2012-09-26 17:00,2012-11-24 07:00
613,41416,102537,102536,4512,4512,PR_FS,0,,2012-10-15 10:00,2012-12-30 08:00
614,41417,102539,102538,4512,4512,PR_FS,0,,2012-10-05 14:30,2013-01-24 13:00
615,41418,102540,102539,4512,4512,PR_SS,16,,2012-10-07 13:00,2013-01-20 13:00
616,41419,102541,102540,4512,4512,PR_SS,24,,2012-10-09 17:00,2013-01-21 11:00
617,41420,102542,102541,4512,4512,PR_SS,56,,2012-10-16 08:00,2013-01-17 14:00
618,41421,102543,102542,4512,4512,PR_FS,0,,2012-10-23 15:00,2013-02-11 08:00
619,41422,102545,102544,4512,4512,PR_FS,0,,2012-10-24 13:00,2013-03-03 07:00
620,41423,102546,102545,4512,4512,PR_FS,0,,2012-10-31 11:00,2013-03-07 15:00
621,41424,102547,102546,4512,4512,PR_FS,40,,2012-11-12 13:00,2013-03-16 07:00
622,41425,102548,102547,4512,4512,PR_SS,48,,2012-11-17 16:00,2013-03-10 14:00
623,41426,102549,102548,4512,4512,PR_FS,0,,2012-11-27 09:00,2013-04-03 13:00
624,41427,102550,102532,4512,4512,PR_FS,0,,2012-10-03 08:00,2012-11-14 09:00
625,41428,102551,102537,4512,4512,PR_FS,0,,2012-10-17 14:00,2013-01-01 12:00
626,41429,102552,102543,4512,4512,PR_FS,0,,2012-10-25 11:00,2013-02-12 14:00
627,41430,102553,102549,4512,4512,PR_FS,0,,2012-11-29 13:00,2013-04-06 12:00
628,41431,102554,102526,4512,4512,PR_FS,0,,2012-09-16 16:00,2012-11-17 16:00
629,41432,102556,102523,4512,4512,PR_FS,0,,2012-08-09 08:00,2012-11-17 16:00
630,41433,102393,102503,4512,4512,PR_SS,0,,2012-07-31 13:00,2012-06-17 15:00
631,41434,102395,102393,4512,4512,PR_FS,0,,2012-08-02 09:00,2012-08-02 09:00
632,41435,102394,102395,4512,4512,PR_FS,0,,2012-10-03 16:00,2012-10-03 16:00
633,41436,102397,102396,4512,4512,PR_FS,0,,2012-10-08 11:00,2012-10-08 11:00
634,41437,102398,102397,4512,4512,PR_FS,0,,2012-10-16 08:00,2012-10-16 08:00
635,41438,102399,102398,4512,4512,PR_FS,0,,2012-10-22 17:00,2012-10-23 07:00
636,41439,102401,102400,4512,4512,PR_FS,0,,2012-11-01 17:00,2012-11-02 09:30
637,41440,102402,102401,4512,4512,PR_FS,0,,2012-11-08 08:00,2012-11-08 08:00
638,41441,102403,102402,4512,4512,PR_FS,0,,2012-11-12 13:00,2012-11-12 13:00
639,41442,102400,102399,4512,4512,PR_FS,0,,2012-10-30 13:00,2012-10-30 13:00
640,41443,102405,102404,4512,4512,PR_FS,0,,2012-12-03 10:00,2012-12-03 10:00
641,41444,102406,102405,4512,4512,PR_FS,0,,2012-12-20 10:00,2012-12-20 10:00
642,41445,102407,102406,4512,4512,PR_FS,0,,2013-01-10 15:00,2013-01-10 15:00
643,41446,102408,102407,4512,4512,PR_FS,0,,2013-01-12 08:00,2013-01-12 08:00
644,41447,102409,102408,4512,4512,PR_SS,8,,2013-01-12 16:00,2013-01-10 07:00
645,41448,102410,102409,4512,4512,PR_FS,0,,2013-01-15 10:00,2013-01-15 10:00
646,41449,102411,102410,4512,4512,PR_SS,8,,2013-01-16 08:00,2013-01-12 08:00
647,41450,102412,102411,4512,4512,PR_SS,8,,2013-01-16 16:00,2013-01-12 16:00
648,41451,102413,102412,4512,4512,PR_SS,8,,2013-01-17 14:00,2013-01-13 14:00
649,41452,102414,102413,4512,4512,PR_SS,16,,2013-01-19 15:00,2013-01-14 12:00
650,41453,102415,102414,4512,4512,PR_FS,0,,2013-01-22 09:00,2013-01-22 09:00
651,41454,102416,102415,4512,4512,PR_SS,8,,2013-01-22 17:00,2013-01-19 07:00
652,41455,102417,102416,4512,4512,PR_SS,8,,2013-01-23 15:00,2013-01-19 07:00
653,41456,102418,102417,4512,4512,PR_SS,8,,2013-01-24 13:00,2013-01-20 13:00
654,41457,102419,102418,4512,4512,PR_SS,8,,2013-01-25 13:30,2013-01-21 11:00
655,41458,102420,102419,4512,4512,PR_SS,8,,2013-01-26 14:00,2013-01-22 09:00
656,41459,102421,102420,4512,4512,PR_SS,8,,2013-01-27 11:00,2013-01-21 11:00
657,41460,102422,102421,4512,4512,PR_SS,8,,2013-01-27 19:00,2013-01-23 15:00
658,41461,102424,102423,4512,4512,PR_FS,0,,2013-01-29 16:00,2013-01-29 16:00
659,41462,102425,102424,4512,4512,PR_SS,8,,2013-01-30 14:00,2013-01-27 11:00
660,41463,102426,102425,4512,4512,PR_SS,8,,2013-01-31 12:00,2013-01-27 11:00
661,41464,102427,102426,4512,4512,PR_SS,8,,2013-02-01 12:30,2013-01-28 10:00
662,41465,102428,102427,4512,4512,PR_SS,8,,2013-02-02 13:00,2013-01-29 08:00
663,41466,102429,102428,4512,4512,PR_SS,8,,2013-02-03 11:00,2013-01-29 16:00
664,41467,102430,102429,4512,4512,PR_SS,8,,2013-02-04 09:00,2013-01-29 08:00
665,41468,102431,102430,4512,4512,PR_SS,8,,2013-02-04 17:00,2013-01-31 12:00
666,41469,102423,102422,4512,4512,PR_SS,0,,2013-01-27 19:00,2013-01-24 13:00
667,41470,102433,102432,4512,4512,PR_FS,0,,2013-02-11 08:00,2013-02-11 08:00
668,41471,102434,102433,4512,4512,PR_SS,8,,2013-02-11 16:00,2013-02-07 11:00
669,41472,102435,102434,4512,4512,PR_SS,8,,2013-02-12 14:00,2013-02-07 11:00
670,41473,102436,102435,4512,4512,PR_SS,8,,2013-02-13 12:00,2013-02-09 12:00
671,41474,102437,102436,4512,4512,PR_SS,8,,2013-02-14 10:00,2013-02-10 10:00
672,41475,102438,102437,4512,4512,PR_SS,8,,2013-02-15 10:30,2013-02-11 08:00
673,41476,102439,102438,4512,4512,PR_SS,8,,2013-02-16 11:00,2013-02-10 10:00
674,41477,102440,102439,4512,4512,PR_SS,8,,2013-02-17 09:00,2013-02-12 14:00
675,41478,102432,102431,4512,4512,PR_FS,0,,2013-02-08 11:30,2013-02-08 11:30
676,41479,102441,102413,4512,4512,PR_FS,0,,2013-01-21 11:00,2013-02-08 11:30
677,41480,102432,102441,4512,4512,PR_SS,0,,2013-01-21 11:00,2013-02-01 12:30
678,41481,102442,102440,4512,4512,PR_SF,0,,2013-02-13 12:00,2013-02-13 12:00
679,41482,102443,102442,4512,4512,PR_FS,0,,2013-02-17 09:00,2013-02-17 09:00
680,41483,102444,102443,4512,4512,PR_SS,0,,2013-02-17 09:00,2013-02-10 10:00
681,41484,102445,102444,4512,4512,PR_SS,8,,2013-02-17 17:00,2013-02-12 14:00
682,41485,102446,102445,4512,4512,PR_SS,8,,2013-02-18 15:00,2013-02-14 10:00
683,41486,102447,102446,4512,4512,PR_FS,0,,2013-02-24 16:00,2013-02-24 16:00
684,41487,102448,102555,4512,4512,PR_FS,0,,2012-11-11 07:01,2013-02-24 16:00
685,41488,102448,102447,4512,4512,PR_SS,0,,2013-02-24 16:00,2013-02-22 09:30
686,41489,102449,102448,4512,4512,PR_FS,0,,2013-02-28 08:00,2013-02-28 08:00
687,41490,102450,102449,4512,4512,PR_FS,0,,2013-03-06 17:00,2013-03-07 07:00
688,41491,102451,102450,4512,4512,PR_FS,0,,2013-03-24 12:00,2013-03-24 12:00
689,41492,102452,102451,4512,4512,PR_FS,0,,2013-04-06 12:00,2013-04-06 12:00
690,41493,102453,102452,4512,4512,PR_FS,0,,2013-04-12 10:30,2013-04-12 10:30
691,41494,102454,102453,4512,4512,PR_FS,0,,2013-04-15 15:00,2013-04-15 15:00
692,41495,102456,102455,4512,4512,PR_FS,0,,2013-04-22 14:00,2013-04-22 14:00
693,41496,102457,102456,4512,4512,PR_FS,0,,2013-05-14 09:00,2013-05-14 09:00
694,41497,102458,102457,4512,4512,PR_FS,0,,2013-05-17 13:30,2013-05-17 13:30
695,41498,102459,102458,4512,4512,PR_FS,0,,2013-05-29 13:00,2013-05-29 13:00
696,41499,102462,102461,4512,4512,PR_SS,8,,2013-05-25 13:00,2013-05-25 13:00
697,41500,102463,102462,4512,4512,PR_FS,0,,2013-05-28 15:00,2013-06-02 10:00
698,41501,102464,102463,4512,4512,PR_FS,0,,2013-05-29 13:00,2013-06-03 08:00
699,41502,102466,102465,4512,4512,PR_SS,24,,2013-06-04 14:00,2013-05-26 11:00
700,41503,102467,102466,4512,4512,PR_FS,0,,2013-06-09 09:00,2013-06-09 09:00
701,41504,102468,102467,4512,4512,PR_SS,0,,2013-06-09 09:00,2013-06-04 14:00
702,41505,102469,102468,4512,4512,PR_FS,0,,2013-06-11 13:00,2013-06-11 13:00
703,41506,102470,102469,4512,4512,PR_FS,0,,2013-06-16 16:00,2013-06-16 16:00
704,41507,102471,102470,4512,4512,PR_FS,0,,2013-06-20 08:00,2013-06-20 08:00
705,41508,102472,102471,4512,4512,PR_FS,0,,2013-06-23 15:00,2013-06-23 15:00
706,41509,102474,102473,4512,4512,PR_FS,0,,2013-08-06 13:00,2013-08-06 13:00
707,41510,102475,102474,4512,4512,PR_FS,0,,2013-08-08 17:00,2013-08-09 09:30
708,41511,102477,102476,4512,4512,PR_FS,0,,2013-08-11 16:00,2013-08-11 16:00
709,41512,102478,102477,4512,4512,PR_FS,0,,2013-08-12 14:00,2013-08-12 14:00
710,41513,102479,102478,4512,4512,PR_FS,0,,2013-08-13 12:00,2013-08-13 12:00
711,41514,102506,102472,4512,4512,PR_SS,0,,2013-06-23 15:00,2013-06-20 16:00
712,41515,102522,102520,4512,4512,PR_FS,0,,2012-07-31 13:00,2012-11-08 16:00
713,41516,102461,102460,4512,4512,PR_FS,0,,2013-05-24 12:30,2013-05-28 15:00
714,41517,102466,102464,4512,4512,PR_FS,0,,2013-05-31 11:30,2013-06-04 14:00
715,41518,102508,102503,4512,4512,PR_FS,0,,2012-09-16 16:00,2012-11-12 13:00
716,41519,102538,102525,4512,4512,PR_FS,0,,2012-09-03 16:00,2013-01-22 09:00
717,41520,102538,102534,4512,4512,PR_FS,0,,2012-10-03 08:00,2013-01-22 09:00
718,41521,102544,102541,4512,4512,PR_FS,0,,2012-10-21 11:00,2013-02-27 10:00
719,41522,102444,102552,4512,4512,PR_FS,0,,2012-10-31 11:00,2013-02-17 09:00
720,41523,102453,102553,4512,4512,PR_FS,0,,2012-12-05 14:00,2013-04-12 10:30
721,41524,102460,102457,4512,4512,PR_FS,0,,2013-05-17 13:30,2013-05-21 16:00
722,41525,102488,102224,4512,4512,PR_SS,0,,2012-06-30 07:00,2012-06-27 16:00
723,41526,102066,102060,4512,4512,PR_FS,0,,2012-07-01 13:00,2012-08-16 15:00
724,41527,102055,102066,4512,4512,PR_FS,0,,2012-07-01 13:00,2012-08-16 15:00
725,41528,102067,102059,4512,4512,PR_FF,0,,2012-07-17 15:00,2012-09-24 13:00
726,41529,102061,102067,4512,4512,PR_FS,0,,2012-07-17 15:00,2012-09-24 13:00
727,41530,102068,102065,4512,4512,PR_FF,0,,2012-07-26 10:00,2012-10-03 16:00
728,41531,101897,101886,4512,4512,PR_FS,0,,2012-07-01 13:00,2012-08-08 10:00
729,41532,101887,101897,4512,4512,PR_FS,0,,2012-07-01 13:00,2012-08-08 10:00
730,41533,101899,101896,4512,4512,PR_FF,0,,2012-07-26 10:00,2012-09-29 08:00
731,41534,101898,101891,4512,4512,PR_FF,0,,2012-07-17 15:00,2012-09-19 10:00
732,41535,101892,101898,4512,4512,PR_FS,0,,2012-07-17 15:00,2012-09-19 10:00
733,41536,101886,102060,4512,4512,PR_SS,0,,2012-06-30 07:00,2012-06-27 16:00
734,41537,101872,101886,4512,4512,PR_SS,0,,2012-06-30 07:00,2012-06-27 16:00
735,41538,101883,101872,4512,4512,PR_FS,0,,2012-07-01 13:00,2012-07-30 15:00
736,41539,101873,101883,4512,4512,PR_FS,0,,2012-07-01 13:00,2012-08-08 10:00
737,41540,101884,101877,4512,4512,PR_FF,0,,2012-07-17 15:00,2012-08-27 17:00
738,41541,101878,101884,4512,4512,PR_FS,0,,2012-07-17 15:00,2012-08-28 07:00
739,41542,101885,101882,4512,4512,PR_FF,0,,2012-07-26 10:00,2012-09-06 10:00
740,41543,102235,102224,4512,4512,PR_FS,0,,2012-07-01 13:00,2012-07-05 13:00
741,41544,102230,102235,4512,4512,PR_FS,0,,2012-07-01 13:00,2012-07-05 13:00
742,41545,102236,102234,4512,4512,PR_FF,0,,2012-07-17 15:00,2012-07-22 10:00
743,41546,102225,102236,4512,4512,PR_FS,0,,2012-07-17 15:00,2012-07-22 10:00
744,41547,102237,102229,4512,4512,PR_FF,0,,2012-07-26 10:00,2012-07-30 15:00
745,41548,102238,102237,4512,4512,PR_FS,0,,2012-07-26 10:00,2012-07-30 15:00
746,41549,102499,102488,4512,4512,PR_FS,0,,2012-07-01 13:00,2012-07-01 13:00
747,41550,102489,102499,4512,4512,PR_FF,0,,2012-06-30 15:00,2012-07-01 13:00
748,41551,102500,102493,4512,4512,PR_FF,0,,2012-07-17 15:00,2012-07-17 15:00
749,41552,102494,102500,4512,4512,PR_FS,0,,2012-07-17 15:00,2012-07-17 15:00
750,41553,102501,102498,4512,4512,PR_FF,0,,2012-07-26 10:00,2012-07-26 10:00
751,41554,102502,102501,4512,4512,PR_FS,0,,2012-07-26 10:00,2012-07-26 10:00
752,41555,102086,102064,4512,4512,PR_SS,8,,2012-07-24 14:00,2012-09-29 08:00
753,41556,102125,102111,4512,4512,PR_FS,0,,2012-07-27 10:30,2012-10-03 16:00
754,41557,102069,102125,4512,4512,PR_FS,0,,2012-07-27 10:30,2012-10-03 16:00
755,41558,102120,102124,4512,4512,PR_FS,0,,2012-08-22 14:00,2013-01-20 13:00
756,41559,101938,101895,4512,4512,PR_SS,8,,2012-07-24 14:00,2012-09-23 15:00
757,41560,101955,101912,4512,4512,PR_FS,0,,2012-07-27 10:30,2012-09-29 08:00
758,41561,101906,101955,4512,4512,PR_FS,0,,2012-07-27 10:30,2012-09-29 08:00
759,41562,101953,101956,4512,4512,PR_FS,0,,2012-08-22 14:00,2013-01-08 11:00
760,41563,101770,101773,4512,4512,PR_FS,0,,2012-08-22 14:00,2013-01-14 12:00
761,41564,101731,101772,4512,4512,PR_FS,0,,2012-07-27 10:30,2012-09-06 10:00
762,41565,101719,101881,4512,4512,PR_SS,8,,2012-07-24 14:00,2012-09-01 12:00
763,41566,101772,101725,4512,4512,PR_FS,0,,2012-07-27 10:30,2012-09-06 10:00
764,41567,102252,102293,4512,4512,PR_FS,0,,2012-07-27 10:30,2012-08-30 11:00
765,41568,102240,102228,4512,4512,PR_SS,8,,2012-07-24 14:00,2012-08-25 13:00
766,41569,102293,102246,4512,4512,PR_FS,0,,2012-07-27 10:30,2012-08-30 11:00
767,41570,102555,102557,4512,4512,PR_FS,0,,2012-08-22 14:00,2012-12-09 10:59
768,41571,102504,102497,4512,4512,PR_SS,8,,2012-07-24 14:00,2012-09-23 15:00
769,41572,102558,102512,4512,4512,PR_FS,0,,2012-07-27 10:30,2012-09-29 08:00
770,41573,102525,102558,4512,4512,PR_FS,0,,2012-07-27 10:30,2012-12-26 11:00
771,41574,102518,102558,4512,4512,PR_FS,0,,2012-07-27 10:30,2012-09-29 08:00
772,41575,102084,102066,4512,4512,PR_FS,0,,2012-07-01 13:00,2012-09-03 08:00
773,41576,102217,102173,4512,4512,PR_FS,0,,2012-07-27 10:30,2012-09-29 08:00
774,41577,102193,102217,4512,4512,PR_FS,0,,2012-07-27 10:30,2012-09-29 08:00
775,41578,102218,102200,4512,4512,PR_FS,0,,2012-09-02 10:00,2012-11-03 10:00
776,41579,102131,102218,4512,4512,PR_FS,0,,2012-09-02 10:00,2012-11-03 10:00
777,41580,102219,102130,4512,4512,PR_FS,0,,2013-02-17 09:00,2013-04-04 11:00
778,41581,102149,102219,4512,4512,PR_FS,0,,2013-02-17 09:00,2013-04-04 11:00
779,41582,102126,102089,4512,4512,PR_FS,0,,2013-05-07 10:00,2013-06-22 17:00
780,41583,102113,102126,4512,4512,PR_FS,0,,2013-05-07 10:00,2013-06-23 07:00
781,41584,102127,102114,4512,4512,PR_FS,0,,2013-06-01 12:00,2013-07-17 14:00
782,41585,102164,102127,4512,4512,PR_FS,0,,2013-06-01 12:00,2013-07-17 14:00
783,41586,102222,102153,4512,4512,PR_FS,0,,2013-04-05 11:30,2013-05-21 16:00
784,41587,102156,102222,4512,4512,PR_FS,0,,2013-04-05 11:30,2013-05-21 16:00
785,41588,102220,102166,4512,4512,PR_FS,0,,2013-06-09 09:00,2013-07-25 11:00
786,41589,102145,102220,4512,4512,PR_FS,0,,2013-06-09 09:00,2013-07-25 11:00
787,41590,102221,102148,4512,4512,PR_FS,0,,2013-06-23 15:00,2013-08-08 17:00
788,41591,102223,102211,4512,4512,PR_FS,0,,2013-06-27 15:00,2013-08-13 12:00
789,41592,102211,102221,4512,4512,PR_FS,0,,2013-06-23 15:00,2013-08-09 09:30
790,41593,101936,101897,4512,4512,PR_FS,0,,2012-07-01 13:00,2012-08-12 07:00
791,41594,101957,101941,4512,4512,PR_FS,0,,2013-05-13 11:00,2013-06-20 08:00
792,41595,101914,101957,4512,4512,PR_FS,0,,2013-05-13 11:00,2013-06-20 08:00
793,41596,101959,101915,4512,4512,PR_FS,0,,2013-06-09 09:00,2013-07-16 16:00
794,41597,102019,101959,4512,4512,PR_FS,0,,2013-06-09 09:00,2013-07-16 16:00
795,41598,102042,101958,4512,4512,PR_FS,0,,2012-08-27 17:00,2012-10-29 07:00
796,41599,101906,101899,4512,4512,PR_FS,0,,2012-07-26 10:00,2012-09-29 08:00
797,41600,101987,102033,4512,4512,PR_FS,0,,2012-11-24 15:00,2013-01-23 07:00
798,41601,102048,102027,4512,4512,PR_FS,0,,2012-07-27 10:30,2012-09-09 17:00
799,41602,102034,102048,4512,4512,PR_FS,0,,2012-07-27 10:30,2012-09-10 07:00
800,41603,102049,102041,4512,4512,PR_FS,0,,2012-09-16 08:00,2012-10-28 17:00
801,41604,102042,102049,4512,4512,PR_FS,0,,2012-09-16 08:00,2012-10-29 07:00
802,41605,102050,102000,4512,4512,PR_FS,0,,2013-02-25 14:00,2013-04-04 11:00
803,41606,102001,102050,4512,4512,PR_FS,0,,2013-02-25 14:00,2013-04-04 11:00
804,41607,102051,102005,4512,4512,PR_FS,0,,2013-04-05 11:30,2013-05-14 09:00
805,41608,102011,102051,4512,4512,PR_FS,0,,2013-04-05 11:30,2013-05-14 09:00
806,41609,102052,102021,4512,4512,PR_FS,0,,2013-06-16 16:00,2013-07-24 13:00
807,41610,102022,102052,4512,4512,PR_FS,0,,2013-06-16 16:00,2013-07-24 13:00
808,41611,102053,102025,4512,4512,PR_FS,0,,2013-07-03 08:00,2013-08-10 10:00
809,41612,102047,102053,4512,4512,PR_FS,0,,2013-07-03 08:00,2013-08-10 10:00
810,41613,102054,102047,4512,4512,PR_FS,0,,2013-07-06 15:00,2013-08-13 12:00
811,41614,102054,102223,4512,4512,PR_FF,0,,2013-06-27 15:00,2013-08-13 12:00
812,41615,101731,101885,4512,4512,PR_FS,0,,2012-07-26 10:00,2012-09-06 10:00
813,41616,101717,101883,4512,4512,PR_FS,0,,2012-07-01 13:00,2012-07-30 15:00
814,41617,101774,101722,4512,4512,PR_FS,0,,2013-05-23 12:00,2013-06-22 09:00
815,41618,101727,101774,4512,4512,PR_FS,0,,2013-05-23 12:00,2013-06-22 09:00
816,41619,101775,101728,4512,4512,PR_FS,0,,2013-06-20 08:00,2013-07-19 12:30
817,41620,101846,101775,4512,4512,PR_FS,0,,2013-06-20 08:00,2013-07-19 12:30
818,41621,101777,101776,4512,4512,PR_FS,0,,2012-09-22 17:00,2012-11-01 09:00
819,41622,101865,101855,4512,4512,PR_FS,0,,2012-07-27 10:30,2012-08-28 15:00
820,41623,101857,101865,4512,4512,PR_FS,0,,2012-07-27 10:30,2012-08-28 15:00
821,41624,101859,101764,4512,4512,PR_FS,0,,2012-07-19 11:00,2012-09-12 11:00
822,41625,101866,101864,4512,4512,PR_FS,0,,2012-10-01 12:00,2012-11-01 09:00
823,41626,101777,101866,4512,4512,PR_FS,0,,2012-10-01 12:00,2012-11-01 09:00
824,41627,101871,101827,4512,4512,PR_FS,0,,2013-02-28 16:00,2013-03-30 13:00
825,41628,101828,101871,4512,4512,PR_FS,0,,2013-02-28 16:00,2013-03-30 13:00
826,41629,101867,101832,4512,4512,PR_FS,0,,2013-03-29 12:30,2013-05-07 10:00
827,41630,101838,101867,4512,4512,PR_FS,0,,2013-03-29 12:30,2013-05-07 10:00
828,41631,101868,101848,4512,4512,PR_FS,0,,2013-06-27 15:00,2013-07-27 12:00
829,41632,101849,101868,4512,4512,PR_FS,0,,2013-06-27 15:00,2013-07-27 12:00
830,41633,101869,101852,4512,4512,PR_FS,0,,2013-07-12 13:30,2013-08-11 08:00
831,41634,101853,101869,4512,4512,PR_FS,0,,2013-07-12 13:30,2013-08-11 08:00
832,41635,101870,101853,4512,4512,PR_FS,0,,2013-07-15 10:00,2013-08-13 12:00
833,41636,101870,102054,4512,4512,PR_FF,0,,2013-07-06 15:00,2013-08-13 12:00
834,41637,102295,102243,4512,4512,PR_FS,0,,2013-07-03 08:00,2013-07-07 13:00
835,41638,102248,102295,4512,4512,PR_FS,0,,2013-07-03 08:00,2013-07-07 13:00
836,41639,102296,102249,4512,4512,PR_FS,0,,2013-07-22 09:00,2013-07-26 11:30
837,41640,102374,102296,4512,4512,PR_FS,0,,2013-07-22 09:00,2013-07-26 11:30
838,41641,102305,102297,4512,4512,PR_FS,0,,2012-10-09 09:00,2012-11-11 07:00
839,41642,102386,102299,4512,4512,PR_FS,0,,2012-10-04 14:00,2012-10-09 09:00
840,41643,102301,102386,4512,4512,PR_FS,0,,2012-10-04 14:00,2012-10-09 09:00
841,41644,102387,102385,4512,4512,PR_FS,0,,2012-11-06 12:00,2012-11-10 17:00
842,41645,102305,102387,4512,4512,PR_FS,0,,2012-11-06 12:00,2012-11-11 07:00
843,41646,102388,102355,4512,4512,PR_FS,0,,2013-04-15 15:00,2013-04-20 10:00
844,41647,102356,102388,4512,4512,PR_FS,0,,2013-04-15 15:00,2013-04-20 10:00
845,41648,102389,102360,4512,4512,PR_FS,0,,2013-05-20 10:00,2013-05-30 11:00
846,41649,102366,102389,4512,4512,PR_FS,0,,2013-05-20 10:00,2013-05-30 11:00
847,41650,102390,102376,4512,4512,PR_FS,0,,2013-07-27 12:00,2013-07-31 12:00
848,41651,102377,102390,4512,4512,PR_FS,0,,2013-07-27 12:00,2013-07-31 12:00
849,41652,102391,102380,4512,4512,PR_FS,0,,2013-08-07 11:00,2013-08-11 16:00
850,41653,102381,102391,4512,4512,PR_FS,0,,2013-08-07 11:00,2013-08-11 16:00
851,41654,102392,102381,4512,4512,PR_FS,0,,2013-08-10 10:00,2013-08-14 10:00
852,41655,102392,101870,4512,4512,PR_FF,8,,2013-07-16 08:00,2013-08-13 12:00
853,41656,102559,102507,4512,4512,PR_FS,0,,2013-07-09 17:00,2013-07-09 17:00
854,41657,102514,102559,4512,4512,PR_FS,0,,2013-07-09 17:00,2013-07-10 07:00
855,41658,102560,102515,4512,4512,PR_FS,0,,2013-08-04 17:00,2013-08-04 17:00
856,41659,102473,102560,4512,4512,PR_FS,0,,2013-08-04 17:00,2013-08-05 07:00
857,41660,102289,102294,4512,4512,PR_FS,0,,2012-08-22 14:00,2012-12-09 10:59
858,41661,102404,102561,4512,4512,PR_FS,0,,2012-09-24 13:00,2012-11-20 10:00
859,41662,102481,102394,4512,4512,PR_FS,0,,2012-10-04 14:00,2012-10-04 14:00
860,41663,102396,102481,4512,4512,PR_FS,0,,2012-10-04 14:00,2012-10-04 14:00
861,41664,102482,102403,4512,4512,PR_FS,0,,2012-11-20 10:00,2012-11-20 10:00
862,41665,102404,102482,4512,4512,PR_FS,0,,2012-11-20 10:00,2012-11-20 10:00
863,41666,102483,102454,4512,4512,PR_FS,0,,2013-04-20 10:00,2013-04-20 10:00
864,41667,102455,102483,4512,4512,PR_FS,0,,2013-04-20 10:00,2013-04-20 10:00
865,41668,102484,102459,4512,4512,PR_FS,0,,2013-06-02 10:00,2013-06-02 10:00
866,41669,102465,102484,4512,4512,PR_FS,0,,2013-06-02 10:00,2013-06-02 10:00
867,41670,102485,102475,4512,4512,PR_FS,0,,2013-08-11 08:00,2013-08-11 08:00
868,41671,102476,102485,4512,4512,PR_FS,0,,2013-08-11 08:00,2013-08-11 08:00
869,41672,102486,102479,4512,4512,PR_FS,0,,2013-08-14 10:00,2013-08-14 10:00
870,41673,102480,102486,4512,4512,PR_FS,0,,2013-08-14 10:00,2013-08-14 10:00
871,41674,102487,102480,4512,4512,PR_FS,0,,2013-08-15 08:00,2013-08-15 08:00
872,41675,102487,102392,4512,4512,PR_FF,8,,2013-08-11 08:00,2013-08-14 10:00
873,41676,102561,102509,4512,4512,PR_FS,0,,2012-09-24 13:00,2012-11-20 10:00
874,41677,102409,102551,4512,4512,PR_FS,0,,2012-10-30 13:00,2013-01-12 16:00
875,41678,102124,102087,4512,4512,PR_FS,0,,2012-08-22 14:00,2013-01-20 13:00
876,41679,102124,102083,4512,4512,PR_FS,0,,2012-08-22 14:00,2013-01-20 13:00
877,41680,102124,102112,4512,4512,PR_FS,0,,2012-08-22 14:00,2013-01-20 13:00
878,41681,102069,102068,4512,4512,PR_FS,0,,2012-07-26 10:00,2012-10-03 16:00
879,41682,102090,102059,4512,4512,PR_FS,0,,2012-07-17 15:00,2012-09-05 12:00
880,41683,102071,102091,4512,4512,PR_FS,0,,2012-07-23 08:00,2012-09-10 15:00
881,41684,102131,102115,4512,4512,PR_FS,0,,2012-09-16 08:00,2012-11-03 10:00
882,41685,102128,102119,4512,4512,PR_FS,0,,2012-08-27 17:00,2012-11-03 10:00
883,41686,102128,102121,4512,4512,PR_FS,0,,2012-08-15 09:00,2012-11-03 10:00
884,41687,102131,102128,4512,4512,PR_FS,0,,2012-08-27 17:00,2012-11-03 10:00
885,41688,102136,102155,4512,4512,PR_FS,0,,2013-01-06 15:00,2013-02-21 09:00
886,41689,101956,101939,4512,4512,PR_FS,0,,2012-08-22 14:00,2013-01-08 11:00
887,41690,101956,101903,4512,4512,PR_FS,0,,2012-08-22 14:00,2013-01-08 11:00
888,41691,101904,101891,4512,4512,PR_FS,0,,2012-07-17 15:00,2012-08-28 07:00
889,41692,101933,101905,4512,4512,PR_FS,0,,2012-07-23 08:00,2012-09-02 10:00
890,41693,101956,101913,4512,4512,PR_FS,0,,2012-08-22 14:00,2013-01-08 11:00
891,41694,102042,101948,4512,4512,PR_FS,0,,2012-09-19 10:00,2012-10-29 07:00
892,41695,101958,101952,4512,4512,PR_FS,0,,2012-08-27 17:00,2012-10-28 17:00
893,41696,101958,101954,4512,4512,PR_FS,0,,2012-08-15 09:00,2012-10-28 17:00
894,41697,101773,101720,4512,4512,PR_FS,0,,2012-08-22 14:00,2013-01-14 12:00
895,41698,101773,101724,4512,4512,PR_FS,0,,2012-08-22 14:00,2013-01-14 12:00
896,41699,101773,101726,4512,4512,PR_FS,0,,2012-08-22 14:00,2013-01-14 12:00
897,41700,101729,101877,4512,4512,PR_FS,0,,2012-07-17 15:00,2012-08-28 07:00
898,41701,101737,101730,4512,4512,PR_FS,0,,2012-07-23 08:00,2012-09-02 10:00
899,41702,101777,101765,4512,4512,PR_FS,0,,2012-09-22 17:00,2012-11-01 09:00
900,41703,101776,101769,4512,4512,PR_FS,0,,2012-09-22 17:00,2012-11-01 09:00
901,41704,101776,101771,4512,4512,PR_FS,0,,2012-08-15 09:00,2012-11-01 09:00
902,41705,102294,102241,4512,4512,PR_FS,0,,2012-08-22 14:00,2012-12-09 10:59
903,41706,102294,102245,4512,4512,PR_FS,0,,2012-07-29 17:00,2012-12-09 10:59
904,41707,102294,102247,4512,4512,PR_FS,0,,2012-08-02 09:00,2012-12-09 10:59
905,41708,102250,102234,4512,4512,PR_FS,0,,2012-07-17 15:00,2012-08-22 14:00
906,41709,102258,102251,4512,4512,PR_FS,0,,2012-07-21 12:00,2012-08-26 11:00
907,41710,102305,102284,4512,4512,PR_FS,0,,2012-10-07 13:00,2012-11-11 07:00
908,41711,102297,102288,4512,4512,PR_FS,0,,2012-10-09 09:00,2012-11-10 17:00
909,41712,102297,102290,4512,4512,PR_FS,0,,2012-09-03 16:00,2012-11-10 17:00
910,41713,102557,102505,4512,4512,PR_FS,0,,2012-08-22 14:00,2012-12-09 10:59
911,41714,102557,102511,4512,4512,PR_FS,0,,2012-07-31 13:00,2012-12-09 10:59
912,41715,102557,102513,4512,4512,PR_FS,0,,2012-08-02 09:00,2012-12-09 10:59
913,41716,102516,102493,4512,4512,PR_FS,0,,2012-07-17 15:00,2012-08-30 11:00
914,41717,102524,102517,4512,4512,PR_FS,0,,2012-07-21 12:00,2012-09-03 08:00
915,41718,102561,102556,4512,4512,PR_FS,0,,2012-08-11 17:00,2012-11-20 10:00
916,41719,102561,102554,4512,4512,PR_FS,0,,2012-09-19 10:00,2012-11-20 10:00
917,41720,102404,102550,4512,4512,PR_FS,0,,2012-10-09 09:00,2012-11-20 10:00
