,taskrsrc_id,task_id,proj_id,cost_qty_link_flag,role_id,acct_id,rsrc_id,skill_level,pend_complete_pct,remain_qty,pend_remain_qty,target_qty,remain_qty_per_hr,pend_act_reg_qty,target_lag_drtn_hr_cnt,target_qty_per_hr,act_ot_qty,pend_act_ot_qty,act_reg_qty,relag_drtn_hr_cnt,ot_factor,cost_per_qty,target_cost,act_reg_cost,act_ot_cost,remain_cost,act_start_date,act_end_date,restart_date,reend_date,target_start_date,target_end_date,rem_late_start_date,rem_late_end_date,rollup_dates_flag,guid,rate_type,act_this_per_cost,act_this_per_qty,curv_id,rsrc_type,cost_per_qty_source_type,old_restart_date,old_reend_date,old_remain_drtn_hr_cnt,has_rsrchours,taskrsrc_sum_id
0,3010268,12456185,14517,Y,373,,1352,,,0,,0,89.8046875,,0,0,0,,0,0,,,0.00,0.00,0.00,0.00,2006-05-03 08:00,2006-07-27 00:00,,,2006-05-03 08:00,2006-12-28 17:00,,,Y,BCZhlsTkQQO49RwE/PZ86w,COST_PER_QTY,0.00,0,34,RT_Labor,ST_Rsrc,,,0,,
1,3010269,12456195,14517,Y,,,1342,,,126802.75,,139236,119.175516917293,,0,90.17875648,0,,12433.25,0,,,0.00,0.00,0.00,0.00,2006-11-04 00:00,,2007-01-27 08:00,2007-06-30 17:00,2006-11-11 08:00,2007-06-30 17:00,2007-03-25 08:01,2007-08-27 08:01,Y,xTLmM8z1TwyrmDD18dGfVA,COST_PER_QTY,0.00,0,26,RT_Labor,ST_Rsrc,2007-01-27 08:00,2007-06-30 17:00,1064,,
2,3010270,12456222,14517,Y,373,,1348,,,0,,0,0,,0,0,0,,0,0,,,0.00,0.00,0.00,0.00,2006-11-16 00:00,2007-01-25 00:00,,,2006-12-02 08:00,2006-12-21 17:00,,,Y,1+j+mdy6RHW7ws8yN7FkUw,COST_PER_QTY,0.00,0,23,RT_Labor,ST_Rsrc,,,0,,
3,3010271,12456223,14517,Y,373,,1348,,,0,,0,0,,0,0,0,,0,0,,,0.00,0.00,0.00,0.00,2006-11-16 00:00,2007-01-25 00:00,,,2006-12-11 08:00,2006-12-21 17:00,,,Y,x1XzEHc2QBWrCr33iR4H1Q,COST_PER_QTY,0.00,0,23,RT_Labor,ST_Rsrc,,,0,,
4,3010272,12456224,14517,Y,373,,1348,,,0,,0,0,,0,0,0,,0,0,,,0.00,0.00,0.00,0.00,2006-11-16 00:00,2007-01-25 00:00,,,2006-12-16 08:00,2006-12-21 17:00,,,Y,55chv31JT7+WoXV56pt4Kw,COST_PER_QTY,0.00,0,23,RT_Labor,ST_Rsrc,,,0,,
5,3010273,12456225,14517,Y,373,,1348,,,0,,0,0,,0,0,0,,0,0,,,0.00,0.00,0.00,0.00,2006-11-16 00:00,2007-01-25 00:00,,,2006-12-14 08:00,2006-12-23 17:00,,,Y,v976mVFkSZu7tW9YnxgHYw,COST_PER_QTY,0.00,0,23,RT_Labor,ST_Rsrc,,,0,,
6,3010274,12456226,14517,Y,373,,1348,,,0,,0,0,,0,0,0,,0,0,,,0.00,0.00,0.00,0.00,2006-11-16 00:00,2007-01-25 00:00,,,2006-12-16 08:00,2007-01-06 17:00,,,Y,wKZBNNa+Qq2noYK4ngLKKQ,COST_PER_QTY,0.00,0,23,RT_Labor,ST_Rsrc,,,0,,
7,3010275,12456227,14517,Y,373,,1348,,,0,,0,0,,0,0,0,,0,0,,,0.00,0.00,0.00,0.00,2006-10-04 00:00,2007-01-25 00:00,,,2006-11-20 08:00,2006-12-07 17:00,,,Y,rFkMqMOISm6cs3H9OL4xow,COST_PER_QTY,0.00,0,23,RT_Labor,ST_Rsrc,,,0,,
8,3010276,12456228,14517,Y,373,,1348,,,0,,0,0,,0,0,0,,0,0,,,0.00,0.00,0.00,0.00,2006-09-16 00:00,2007-01-25 00:00,,,2006-11-04 08:00,2006-11-21 17:00,,,Y,RAUTzRj9RCaPVFk0zlkaLw,COST_PER_QTY,0.00,0,23,RT_Labor,ST_Rsrc,,,0,,
9,3010277,12456230,14517,Y,373,,1348,,,0,,0,0,,0,0,0,,0,0,,,0.00,0.00,0.00,0.00,2006-09-16 00:00,2006-11-05 00:00,,,2006-09-09 08:00,2006-10-04 17:00,,,Y,7EwdI35bTzajAaWtNGhXxg,COST_PER_QTY,0.00,0,23,RT_Labor,ST_Rsrc,,,0,,
10,3010278,12456231,14517,Y,373,,1348,,,0,,0,0,,0,0,0,,0,0,,,0.00,0.00,0.00,0.00,2006-11-16 00:00,2007-01-25 00:00,,,2006-12-02 08:00,2006-12-21 17:00,,,Y,Rr3SECQvTcqapGBi3+SP2Q,COST_PER_QTY,0.00,0,23,RT_Labor,ST_Rsrc,,,0,,
11,3010279,12456232,14517,Y,,,1342,,,0,,10408.22,14.6673658,,0,16.46870253,0,,9960.66,0,,,0.00,0.00,0.00,0.00,2006-09-16 00:00,2007-01-25 00:00,,,2006-09-09 08:00,2007-01-06 17:00,,,Y,YWp6pw6bRAetVgQgt/VZuw,COST_PER_QTY,0.00,0,26,RT_Labor,ST_Rsrc,,,0,,
12,3010280,12456233,14517,Y,373,,1348,,,0,,0,0,,0,0,0,,0,0,,,0.00,0.00,0.00,0.00,2006-11-16 00:00,2007-01-25 00:00,,,2006-12-17 08:00,2006-12-21 17:00,,,Y,cXW0/ITmQW+zyDL6p4N+Iw,COST_PER_QTY,0.00,0,23,RT_Labor,ST_Rsrc,,,0,,
13,3010281,12456234,14517,Y,373,,1348,,,0,,0,0,,0,0,0,,0,0,,,0.00,0.00,0.00,0.00,2006-12-02 08:00,2007-01-25 00:00,,,2006-12-02 08:00,2006-12-21 17:00,,,Y,+ueMbbfXSa6t1FXPsFNlFA,COST_PER_QTY,0.00,0,23,RT_Labor,ST_Rsrc,,,0,,
14,3010282,12456235,14517,Y,373,,1348,,,0,,0,0,,0,0,0,,0,0,,,0.00,0.00,0.00,0.00,2006-09-16 00:00,2006-11-05 00:00,,,2006-10-28 08:00,2006-11-06 17:00,,,Y,FOwYLMKfRdO0Pr6U7D4GkQ,COST_PER_QTY,0.00,0,23,RT_Labor,ST_Rsrc,,,0,,
15,3010283,12456236,14517,Y,373,,1348,,,0,,0,0,,0,0,0,,0,0,,,0.00,0.00,0.00,0.00,2006-09-16 00:00,2006-09-19 00:00,,,2006-10-30 08:00,2006-11-01 17:00,,,Y,O9OWI0XdRuyqNRQ9poDeNg,COST_PER_QTY,0.00,0,23,RT_Labor,ST_Rsrc,,,0,,
16,3010284,12456237,14517,Y,373,,1348,,,0,,0,0,,0,0,0,,0,0,,,0.00,0.00,0.00,0.00,2006-09-16 00:00,2007-01-25 00:00,,,2006-11-08 08:00,2006-11-14 17:00,,,Y,1Evu1h8bSfOJjPlUYAhvTw,COST_PER_QTY,0.00,0,23,RT_Labor,ST_Rsrc,,,0,,
17,3010285,12456238,14517,Y,373,,1348,,,0,,0,0,,0,0,0,,0,0,,,0.00,0.00,0.00,0.00,2006-09-16 00:00,2007-01-25 00:00,,,2006-11-11 08:00,2006-11-19 17:00,,,Y,46lQBNj5QZGUaoi5BLn7eg,COST_PER_QTY,0.00,0,23,RT_Labor,ST_Rsrc,,,0,,
18,3010286,12456240,14517,Y,373,,1348,,,0,,0,0,,0,0,0,,0,0,,,0.00,0.00,0.00,0.00,2006-11-05 00:00,2006-12-27 00:00,,,2006-11-22 08:00,2006-12-07 17:00,,,Y,hXISv3tKQWOU+HnxX3HuRA,COST_PER_QTY,0.00,0,23,RT_Labor,ST_Rsrc,,,0,,
19,3010287,12456241,14517,Y,373,,1348,,,0,,0,0,,0,0,0,,0,0,,,0.00,0.00,0.00,0.00,2006-10-18 00:00,2006-11-05 00:00,,,2006-11-15 08:00,2006-11-26 17:00,,,Y,XVhQ7eOWTAmB9e0GN/inZw,COST_PER_QTY,0.00,0,23,RT_Labor,ST_Rsrc,,,0,,
20,3010288,12456242,14517,Y,373,,1348,,,0,,0,0,,0,0,0,,0,0,,,0.00,0.00,0.00,0.00,2006-10-18 00:00,2007-01-25 00:00,,,2006-11-13 08:00,2006-11-23 17:00,,,Y,5CVVvAV4T9y0RgvTqFZOJQ,COST_PER_QTY,0.00,0,23,RT_Labor,ST_Rsrc,,,0,,
21,3010289,12456243,14517,Y,373,,1348,,,0,,0,0,,0,0,0,,0,0,,,0.00,0.00,0.00,0.00,2006-10-18 00:00,2006-11-05 00:00,,,2006-11-11 08:00,2006-11-18 17:00,,,Y,mFpQM+7DTUWNPWVG2cBdhw,COST_PER_QTY,0.00,0,23,RT_Labor,ST_Rsrc,,,0,,
22,3010290,12456244,14517,Y,373,,1348,,,0,,0,0,,0,0,0,,0,0,,,0.00,0.00,0.00,0.00,2006-11-16 00:00,2007-01-25 00:00,,,2006-12-17 08:00,2006-12-21 17:00,,,Y,fxsTXSyiR5mBxXFnAb2nXA,COST_PER_QTY,0.00,0,23,RT_Labor,ST_Rsrc,,,0,,
23,3010291,12456245,14517,Y,373,,1348,,,0,,0,0,,0,0,0,,0,0,,,0.00,0.00,0.00,0.00,2006-11-16 00:00,2007-01-25 00:00,,,2006-12-14 08:01,2006-12-20 08:01,,,Y,K0kSxc3iQvu70xdYo+GEfA,COST_PER_QTY,0.00,0,23,RT_Labor,ST_Rsrc,,,0,,
24,3010292,12456246,14517,Y,373,,1348,,,0,,0,0,,0,0,0,,0,0,,,0.00,0.00,0.00,0.00,2006-11-16 00:00,2007-01-25 00:00,,,2006-12-17 08:00,2006-12-21 17:00,,,Y,Mo+YffHkQXiyVZnflLpAFA,COST_PER_QTY,0.00,0,23,RT_Labor,ST_Rsrc,,,0,,
25,3010293,12456247,14517,Y,373,,1348,,,0,,0,0,,0,0,0,,0,0,,,0.00,0.00,0.00,0.00,2006-11-16 00:00,2007-01-25 00:00,,,2006-12-09 08:00,2006-12-11 17:00,,,Y,VfdDWxuBQs2xs1Qf6PNB5w,COST_PER_QTY,0.00,0,23,RT_Labor,ST_Rsrc,,,0,,
26,3010294,12456250,14517,Y,373,,1347,,,44365.78,,118159.78,56.017398989899,,0,110.22367537,0,,73794,0,,,0.00,0.00,0.00,0.00,2006-08-29 00:00,,2007-01-27 08:00,2007-05-21 17:00,2006-08-26 08:00,2007-02-25 17:00,2007-02-06 08:01,2007-06-02 08:01,Y,D8wEq4H1QaOe3ULQDPqIIQ,COST_PER_QTY,0.00,0,30,RT_Labor,ST_Rsrc,2007-01-27 08:00,2007-05-21 17:00,792,,
27,3010295,12456252,14517,Y,373,,1347,,,388.22,,2411.42,4.41159090909091,,0,9.13416667,0,,2023.2,0,,,0.00,0.00,0.00,0.00,2006-09-16 00:00,,2007-01-27 08:00,2007-02-07 17:00,2006-09-16 08:00,2006-11-13 17:00,2007-05-20 08:01,2007-06-02 08:01,Y,jWK+AbMmT7yQj1D4nzBGmg,COST_PER_QTY,0.00,0,30,RT_Labor,ST_Rsrc,2007-01-27 08:00,2007-02-07 17:00,88,,
28,3010296,12456254,14517,Y,373,,1347,,,1466.51,,9109.15,13.0938392857143,,0,16.26633929,0,,7642.64,0,,,0.00,0.00,0.00,0.00,2006-08-29 00:00,,2007-01-27 08:00,2007-02-11 17:00,2006-08-30 08:00,2006-12-10 17:00,2007-05-29 08:01,2007-06-14 08:01,Y,wiKfBwyASTuqBc68YCtp3Q,COST_PER_QTY,0.00,0,30,RT_Labor,ST_Rsrc,2007-01-27 08:00,2007-02-11 17:00,112,,
29,3010297,12456256,14517,Y,373,,1347,,,298558.41,,298558.41,193.366845854922,,0,193.36684585,0,,0,0,,,0.00,0.00,0.00,0.00,,,2007-07-31 08:00,2008-04-08 17:00,2007-07-31 08:00,2008-04-08 17:00,2007-06-02 08:01,2008-02-10 08:01,Y,lQ+WdUXjRlinS0ALl8ahew,COST_PER_QTY,0.00,0,30,RT_Labor,ST_Rsrc,2007-07-31 08:00,2008-04-08 17:00,1544,,
30,3010298,12456259,14517,Y,373,,1348,,,0,,0,0,,0,0,0,,0,0,,,0.00,0.00,0.00,0.00,2006-04-24 00:00,,2007-01-27 08:00,2007-02-15 17:00,2006-05-15 08:00,2006-08-15 17:00,2007-08-06 08:01,2007-08-27 08:01,Y,Dwq6DJrzSVSdtwXVDVHG4A,COST_PER_QTY,0.00,0,23,RT_Labor,ST_Rsrc,2007-01-27 08:00,2007-02-15 17:00,144,,
31,3010299,12456260,14517,Y,373,,1348,,,0,,0,0,,0,0,0,,0,0,,,0.00,0.00,0.00,0.00,2006-04-24 00:00,,2007-01-27 08:00,2007-02-15 17:00,2006-05-13 08:00,2006-08-13 17:00,2007-08-06 08:01,2007-08-27 08:01,Y,sHcyLAd7QU6VkQJJ0+cSgA,COST_PER_QTY,0.00,0,23,RT_Labor,ST_Rsrc,2007-01-27 08:00,2007-02-15 17:00,144,,
32,3010300,12456261,14517,Y,373,,1348,,,0,,0,0,,0,0,0,,0,0,,,0.00,0.00,0.00,0.00,2006-04-24 00:00,,2007-01-27 08:00,2007-02-15 17:00,2006-05-13 08:00,2006-08-13 17:00,2007-08-06 08:01,2007-08-27 08:01,Y,vsqMDieOQfm9XSXSVuuUpA,COST_PER_QTY,0.00,0,23,RT_Labor,ST_Rsrc,2007-01-27 08:00,2007-02-15 17:00,144,,
33,3010301,12456262,14517,Y,373,,1348,,,0,,0,0,,0,0,0,,0,0,,,0.00,0.00,0.00,0.00,2006-04-24 00:00,,2007-01-27 08:00,2007-02-15 17:00,2006-05-15 08:00,2006-08-15 17:00,2008-03-01 08:01,2008-03-22 08:01,Y,dwcfmboMQcGwGo78U63WJQ,COST_PER_QTY,0.00,0,23,RT_Labor,ST_Rsrc,2007-01-27 08:00,2007-02-15 17:00,144,,
34,3010302,12456350,14517,Y,373,,1352,,,612,,0,12.75,,0,0,0,,0,0,,,0.00,0.00,0.00,0.00,2006-12-01 00:00,,2007-01-27 08:00,2007-02-01 17:00,2007-01-20 08:00,2007-03-15 17:00,2007-09-22 08:00,2007-10-03 17:00,Y,Bit6e4dYRuWKcA4okUWg1g,COST_PER_QTY,0.00,0,34,RT_Labor,ST_Rsrc,2007-01-27 08:00,2007-02-01 17:00,48,,
35,3010303,12456351,14517,Y,373,,1352,,,612,,0,7.65,,0,0,0,,0,0,,,0.00,0.00,0.00,0.00,,,2007-02-02 08:00,2007-02-15 17:00,2007-02-02 08:00,2007-02-12 17:00,2007-10-05 08:01,2007-10-19 08:01,Y,0zHWzjKbS6qu3TsoyzGJvw,COST_PER_QTY,0.00,0,34,RT_Labor,ST_Rsrc,2007-02-02 08:00,2007-02-15 17:00,80,,
36,3010304,12456352,14517,Y,373,,1352,,,612,,0,12.75,,0,0,0,,0,0,,,0.00,0.00,0.00,0.00,2006-12-01 00:00,,2007-01-27 08:00,2007-02-01 17:00,2007-01-20 08:00,2007-03-15 17:00,2007-07-12 08:01,2007-07-19 08:01,Y,PZKWRBNoTcqQL0FzPwYHBw,COST_PER_QTY,0.00,0,34,RT_Labor,ST_Rsrc,2007-01-27 08:00,2007-02-01 17:00,48,,
37,3010305,12456353,14517,Y,373,,1352,,,612,,0,7.65,,0,0,0,,0,0,,,0.00,0.00,0.00,0.00,,,2007-02-02 08:00,2007-02-15 17:00,2007-02-02 08:00,2007-02-12 17:00,2007-07-19 08:01,2007-08-02 08:01,Y,CKFlPb1yTQiI/Jn9sNAyTA,COST_PER_QTY,0.00,0,34,RT_Labor,ST_Rsrc,2007-02-02 08:00,2007-02-15 17:00,80,,
38,3010306,12456360,14517,Y,373,,1353,,,12659.41,,12659.41,52.7475416666667,,0,52.74754167,0,,0,0,,,0.00,0.00,0.00,0.00,,,2007-08-08 08:01,2007-09-12 08:01,2007-08-08 08:01,2007-09-12 08:01,2007-09-04 08:01,2007-10-31 08:01,Y,ZC8WJdFuTcSj1NZ9PierJQ,COST_PER_QTY,0.00,0,25,RT_Labor,ST_Rsrc,2007-08-08 08:01,2007-09-12 08:01,240,,
39,3010307,12456366,14517,Y,373,,1348,,,9381.82,,9381.82,48.8636458333333,,0,48.86364583,0,,0,0,,,0.00,0.00,0.00,0.00,,,2007-07-17 08:00,2007-08-13 17:00,2007-07-17 08:00,2007-08-13 17:00,2007-11-06 08:01,2007-12-04 08:01,Y,E3zImKTOT5uQP1eQSm7teg,COST_PER_QTY,0.00,0,22,RT_Labor,ST_Rsrc,2007-07-17 08:00,2007-08-13 17:00,192,,
40,3010308,12456368,14517,Y,373,,1348,,,28591.79,,28591.79,35.0389583333333,,0,35.03895833,0,,0,0,,,0.00,0.00,0.00,0.00,,,2007-06-12 08:00,2007-10-30 17:00,2007-06-12 08:00,2007-10-30 17:00,2007-12-09 08:01,2008-04-12 08:01,Y,wRB8jOEcQNWapVWdCUSodg,COST_PER_QTY,0.00,0,23,RT_Labor,ST_Rsrc,2007-06-12 08:00,2007-10-30 17:00,816,,
41,3010309,12456373,14517,Y,373,,1340,,,29752.44,,29765.46,13.7234501845018,,0,9.3250188,0,,13.02,0,,,0.00,0.00,0.00,0.00,2006-11-23 00:00,,2007-06-04 08:00,2008-05-12 17:00,2007-01-06 08:00,2008-05-12 17:00,2007-06-18 08:01,2008-05-27 08:01,Y,i8qT5zZxSGe2cfwrzJyLjA,COST_PER_QTY,0.00,0,29,RT_Labor,ST_Rsrc,2007-06-04 08:00,2008-05-12 17:00,2168,,
42,3010310,12456377,14517,Y,373,,1340,,,18872.98,,18872.98,25.3674768700016,,0,25.36747687,0,,0,0,,,0.00,0.00,0.00,0.00,,,2008-02-23 08:01,2008-06-09 17:00,2008-02-23 08:01,2008-06-09 17:00,2008-02-09 08:02,2008-05-27 08:01,Y,X/AQ2areSli3TRo+vIijqw,COST_PER_QTY,0.00,0,33,RT_Labor,ST_Rsrc,2008-02-23 08:01,2008-06-09 17:00,743.983,,
43,3010311,12456384,14517,Y,373,,1352,,,900,,0,4.6875,,0,0,0,,0,0,,,0.00,0.00,0.00,0.00,,,2007-10-21 08:01,2007-11-18 08:01,2007-10-21 08:01,2007-11-12 08:02,2008-04-01 08:01,2008-04-29 08:01,Y,s1h1OYhkRJyptoBopQUtpQ,COST_PER_QTY,0.00,0,34,RT_Labor,ST_Rsrc,2007-10-21 08:01,2007-11-18 08:01,192,,
44,3010312,12456385,14517,Y,373,,1352,,,1286.54,,1286.54,6.70072916666667,,0,8.46313241,0,,0,0,,,0.00,0.00,0.00,0.00,,,2007-10-21 08:01,2007-11-18 08:01,2007-10-21 08:01,2007-11-12 08:02,2008-04-01 08:01,2008-04-29 08:01,Y,dAanebTaQbuNflCJonLnOA,COST_PER_QTY,0.00,0,34,RT_Labor,ST_Rsrc,2007-10-21 08:01,2007-11-18 08:01,192,,
45,3010313,12456389,14517,Y,373,,1355,,,1144703.67,,1144703.67,923.148120967742,,0,986.81350862,0,,0,0,,,0.00,0.00,0.00,0.00,,,2007-03-03 08:00,2007-08-29 17:00,2007-03-03 08:00,2007-08-18 17:00,2007-08-27 08:01,2008-03-23 08:01,Y,QjRENsbTTtCQ4+Z4lw6Ldg,COST_PER_QTY,0.00,0,24,RT_Labor,ST_Rsrc,2007-03-03 08:00,2007-08-29 17:00,1240,,
46,3010314,12456397,14517,Y,373,,1343,,,45821.37,,45821.37,40.3363048166786,,0,40.33630482,0,,0,0,,,0.00,0.00,0.00,0.00,,,2007-11-18 08:01,2008-05-06 17:00,2007-11-18 08:01,2008-05-06 17:00,2007-11-27 08:02,2008-05-17 08:01,Y,HWfhobP/TvuEOGsE28oB1A,COST_PER_QTY,0.00,0,27,RT_Labor,ST_Rsrc,2007-11-18 08:01,2008-05-06 17:00,1135.983,,
47,3010315,12456403,14517,Y,373,,1341,,,4678.41,,4678.41,4.43038242396502,,0,4.43038242,0,,0,0,,,0.00,0.00,0.00,0.00,,,2007-11-18 08:01,2008-04-24 17:00,2007-11-18 08:01,2008-04-24 17:00,2007-12-16 08:02,2008-05-24 08:01,Y,A61Q3CigTBCR84OwXGtzMQ,COST_PER_QTY,0.00,0,28,RT_Labor,ST_Rsrc,2007-11-18 08:01,2008-04-24 17:00,1055.983,,
48,3010316,12456408,14517,Y,373,,1351,,,11627,,0,24.22291667,,0,0,0,,0,0,,,0.00,0.00,0.00,0.00,,,2008-03-27 08:00,2008-06-04 17:00,2008-03-27 08:00,2008-06-04 17:00,2008-02-02 08:01,2008-04-12 08:01,Y,vgPQ5aeoSp6FzlRNQC2Y6g,COST_PER_QTY,0.00,0,20,RT_Labor,ST_Rsrc,2008-03-27 08:00,2008-06-04 17:00,480,,
49,3010317,12456409,14517,Y,373,,1351,,,14803,,0,30.83958333,,0,0,0,,0,0,,,0.00,0.00,0.00,0.00,,,2008-03-27 08:00,2008-06-04 17:00,2008-03-27 08:00,2008-06-04 17:00,2008-02-02 08:01,2008-04-12 08:01,Y,kzuSvG2+Rrmzc67aaNwduA,COST_PER_QTY,0.00,0,20,RT_Labor,ST_Rsrc,2008-03-27 08:00,2008-06-04 17:00,480,,
50,3010318,12456410,14517,Y,373,,1351,,,30417,,30417,63.36875,,0,63.36875,0,,0,0,,,0.00,0.00,0.00,0.00,,,2008-03-27 08:00,2008-06-04 17:00,2008-03-27 08:00,2008-06-04 17:00,2008-02-02 08:01,2008-04-12 08:01,Y,J0LMp4JyQKy5iode5p7Pog,COST_PER_QTY,0.00,0,33,RT_Labor,ST_Rsrc,2008-03-27 08:00,2008-06-04 17:00,480,,
51,3010319,12456412,14517,Y,373,,1347,,,13334.82,,13334.82,19.8439743049183,,0,10.04128012,0,,0,0,,,0.00,0.00,0.00,0.00,,,2007-09-01 08:01,2008-01-03 17:00,2007-09-01 08:01,2008-04-09 08:01,2007-12-03 08:02,2008-03-16 08:01,Y,JUDn4v3ZTG+75TeJsHtalQ,COST_PER_QTY,0.00,0,30,RT_Labor,ST_Rsrc,2007-09-01 08:01,2008-01-03 17:00,671.983,,
52,3010320,12456419,14517,Y,373,,1342,,,146671.63,,146671.63,107.21610380117,,0,107.2161038,0,,0,0,,,0.00,0.00,0.00,0.00,,,2007-08-30 08:00,2008-04-13 17:00,2007-08-30 08:00,2008-04-13 17:00,2007-10-01 08:01,2008-05-06 08:01,Y,vHxs3PENR8S1mFsQ6CytSQ,COST_PER_QTY,0.00,0,26,RT_Labor,ST_Rsrc,2007-08-30 08:00,2008-04-13 17:00,1368,,
53,3010321,12456423,14517,Y,373,,1355,,,0,,0,0.00080645,,0,0,0,,0,0,,,0.00,0.00,0.00,0.00,,,2007-01-27 08:00,2007-01-27 08:00,2007-01-27 08:00,2007-07-14 17:00,2007-01-25 17:00,2007-01-25 17:00,Y,7x7FJueqQOC2zmHvBvaGKQ,COST_PER_QTY,0.00,0,24,RT_Labor,ST_Rsrc,2007-01-27 08:00,2007-01-27 08:00,0,,
54,3010322,12456424,14517,Y,,,1351,,,3162.15,,3162.15,3.9526875,,0,3.9526875,0,,0,0,,,0.00,0.00,0.00,0.00,,,2007-12-01 08:00,2008-03-31 17:00,2007-12-01 08:00,2008-03-31 17:00,2007-12-11 08:01,2008-04-12 08:01,Y,TxY5fVolRqCso2EECH8IEw,COST_PER_QTY,0.00,0,33,RT_Labor,ST_Rsrc,2007-12-01 08:00,2008-03-31 17:00,800,,
55,3010323,12456426,14517,Y,373,,1347,,,13500.39,,16935.39,16.5442576744756,,0,14.112825,0,,3435,0,,,0.00,0.00,0.00,0.00,2006-09-18 00:00,,2007-01-27 08:00,2007-05-26 08:01,2007-03-03 08:00,2007-08-23 17:00,2007-09-08 08:00,2008-02-02 08:01,Y,ITuSfdGeRSqW5GTAbZSqiw,COST_PER_QTY,0.00,0,33,RT_Labor,ST_Rsrc,2007-01-27 08:00,2007-05-26 08:01,816.017,,
56,3010324,12456451,14517,Y,373,,1342,,,77938.96,,77938.96,78.5675,,0,78.5675,0,,0,0,,,0.00,0.00,0.00,0.00,,,2007-04-26 08:00,2007-09-22 17:00,2007-04-26 08:00,2007-09-22 17:00,2007-10-27 08:01,2008-03-25 08:01,Y,z9iEKEuqSnG8BI10TbhsIA,COST_PER_QTY,0.00,0,26,RT_Labor,ST_Rsrc,2007-04-26 08:00,2007-09-22 17:00,992,,
57,3010325,12456460,14517,Y,373,,1353,,,6526.11,,6526.11,8.4975390625,,0,8.49753906,0,,0,0,,,0.00,0.00,0.00,0.00,,,2007-04-05 08:00,2007-07-25 17:00,2007-04-05 08:00,2007-07-25 17:00,2007-10-28 08:01,2008-02-23 08:01,Y,72qgtvDfQb2V+WfFU9OYRQ,COST_PER_QTY,0.00,0,25,RT_Labor,ST_Rsrc,2007-04-05 08:00,2007-07-25 17:00,768,,
58,3010326,12456484,14517,Y,373,,1348,,,2522.79,,2724.8,6.4356887755102,,0,6.812,0,,202.01,0,,,0.00,0.00,0.00,0.00,2006-11-25 00:00,,2007-02-14 08:00,2007-04-11 17:00,2007-02-08 08:00,2007-04-07 17:00,2007-12-01 08:01,2008-02-02 08:01,Y,y2sGVTOXSsG43rw+WDWXiA,COST_PER_QTY,0.00,0,22,RT_Labor,ST_Rsrc,2007-02-14 08:00,2007-04-11 17:00,392,,
59,3010327,12456489,14517,Y,373,,1348,,,32776.88,,40011.7,77.3039622641509,,0,34.73237847,0,,7234.82,0,,,0.00,0.00,0.00,0.00,2006-12-09 08:00,,2007-01-27 08:00,2007-03-28 17:00,2006-12-09 08:00,2007-05-31 17:00,2007-11-12 08:01,2008-01-19 08:01,Y,vQ4ylj7mRra566S5Wcdw8Q,COST_PER_QTY,0.00,0,23,RT_Labor,ST_Rsrc,2007-01-27 08:00,2007-03-28 17:00,424,,
60,3010328,12456509,14517,Y,373,,1340,,,14878.1,,15953.91,9.94525401069519,,0,8.55896459,0,,1075.81,0,,,0.00,0.00,0.00,0.00,2006-11-23 00:00,,2007-02-12 08:00,2007-09-22 17:00,2006-12-13 08:00,2007-09-22 17:00,2007-08-09 08:01,2008-04-12 08:01,Y,oC2LpgKgR3CpVX/NGbJBwA,COST_PER_QTY,0.00,0,29,RT_Labor,ST_Rsrc,2007-02-12 08:00,2007-09-22 17:00,1496,,
61,3010329,12456522,14517,Y,373,,1340,,,7421.95,,7421.95,11.044568452381,,0,11.04456845,0,,0,0,,,0.00,0.00,0.00,0.00,,,2007-07-05 08:00,2007-11-01 17:00,2007-07-05 08:00,2007-11-01 17:00,2008-01-05 08:01,2008-04-12 08:01,Y,f2RxyH3FQRaHkhyhrJBvag,COST_PER_QTY,0.00,0,33,RT_Labor,ST_Rsrc,2007-07-05 08:00,2007-11-01 17:00,672,,
62,3010330,12456542,14517,Y,373,,1355,,,24928.18,,59901.79,43.8876408450704,,0,22.21876484,0,,34973.61,0,,,0.00,0.00,0.00,0.00,2006-05-07 00:00,,2007-01-27 08:00,2007-04-18 17:00,2006-02-22 08:00,2007-04-18 17:00,2007-11-12 08:01,2008-02-09 08:01,Y,91CIWx3SSbWBAXyB8t5NOA,COST_PER_QTY,0.00,0,24,RT_Labor,ST_Rsrc,2007-01-27 08:00,2007-04-18 17:00,568,,
63,3010331,12456546,14517,Y,373,,1343,,,35377.08,,35377.08,54.5942592592593,,0,54.59425926,0,,0,0,,,0.00,0.00,0.00,0.00,,,2007-06-16 08:00,2007-09-22 17:00,2007-06-16 08:00,2007-09-22 17:00,2008-01-08 08:01,2008-04-12 08:01,Y,3WsZKsLpRO+W7WGlQ006Ow,COST_PER_QTY,0.00,0,27,RT_Labor,ST_Rsrc,2007-06-16 08:00,2007-09-22 17:00,648,,
64,3010332,12456576,14517,Y,373,,1341,,,5981.03,,5981.03,3.99801470588235,,0,3.99801471,0,,0,0,,,0.00,0.00,0.00,0.00,,,2007-06-16 08:00,2008-02-16 17:00,2007-06-16 08:00,2008-02-16 17:00,2007-08-02 08:01,2008-04-05 08:01,Y,jXiNH18yQUe4xQvLyCi1PQ,COST_PER_QTY,0.00,0,28,RT_Labor,ST_Rsrc,2007-06-16 08:00,2008-02-16 17:00,1496,,
65,3010333,12456599,14517,Y,373,,1355,,,362.47,,362.47,0.686496212121212,,0,0.68649621,0,,0,0,,,0.00,0.00,0.00,0.00,,,2007-03-03 08:00,2007-05-17 17:00,2007-03-03 08:00,2007-05-17 17:00,2007-11-25 08:01,2008-02-16 08:01,Y,VOMdW0XTT6akoLyydlFsIw,COST_PER_QTY,0.00,0,24,RT_Labor,ST_Rsrc,2007-03-03 08:00,2007-05-17 17:00,528,,
66,3010334,12456603,14517,Y,373,,1348,,,705,,705,0.786830357142857,,0,0.78683036,0,,0,0,,,0.00,0.00,0.00,0.00,,,2007-05-01 08:01,2007-09-09 08:01,2007-05-01 08:01,2007-09-09 08:01,2007-10-30 08:01,2008-03-15 08:01,Y,QZy7tXNsSmGux76hTxXV6w,COST_PER_QTY,0.00,0,22,RT_Labor,ST_Rsrc,2007-05-01 08:01,2007-09-09 08:01,896,,
67,3010335,12456606,14517,Y,373,,1348,,,117060.77,,117060.77,83.1397514204545,,0,83.13975142,0,,0,0,,,0.00,0.00,0.00,0.00,,,2007-02-28 08:01,2007-10-01 08:01,2007-02-28 08:01,2007-10-01 08:01,2007-07-04 08:01,2008-02-23 08:01,Y,5NhiBWLBS12I5fJWrW4LTw,COST_PER_QTY,0.00,0,23,RT_Labor,ST_Rsrc,2007-02-28 08:01,2007-10-01 08:01,1408,,
68,3010336,12456607,14517,Y,373,,1343,,,0,,0,0,,0,0,0,,0,0,,,0.00,0.00,0.00,0.00,,,2007-02-28 08:01,2007-10-01 08:01,2007-02-28 08:01,2007-10-01 08:01,2007-07-04 08:01,2008-02-23 08:01,Y,bQulgKAsSgSwq6MnqbsUcA,COST_PER_QTY,0.00,0,27,RT_Labor,ST_Rsrc,2007-02-28 08:01,2007-10-01 08:01,1408,,
69,3010337,12456608,14517,Y,373,,1341,,,0,,0,0,,0,0,0,,0,0,,,0.00,0.00,0.00,0.00,,,2007-02-28 08:01,2007-10-01 08:01,2007-02-28 08:01,2007-10-01 08:01,2007-07-04 08:01,2008-02-23 08:01,Y,TlYHGUWoRGe57ceFixcOnA,COST_PER_QTY,0.00,0,28,RT_Labor,ST_Rsrc,2007-02-28 08:01,2007-10-01 08:01,1408,,
70,3010338,12456609,14517,Y,373,,1347,,,0,,0,0,,0,0,0,,0,0,,,0.00,0.00,0.00,0.00,,,2007-02-28 08:01,2007-10-01 08:01,2007-02-28 08:01,2007-10-01 08:01,2007-07-04 08:01,2008-02-23 08:01,Y,IiAZDQAPRJGSJQ9jWbt/6w,COST_PER_QTY,0.00,0,30,RT_Labor,ST_Rsrc,2007-02-28 08:01,2007-10-01 08:01,1408,,
71,3010339,12456610,14517,Y,373,,1353,,,7.73,,7.73,0.00549005681818182,,0,0.00549006,0,,0,0,,,0.00,0.00,0.00,0.00,,,2007-02-28 08:01,2007-10-01 08:01,2007-02-28 08:01,2007-10-01 08:01,2007-07-04 08:01,2008-02-23 08:01,Y,+2ZD4j6TQLWtqhbM3inA5w,COST_PER_QTY,0.00,0,25,RT_Labor,ST_Rsrc,2007-02-28 08:01,2007-10-01 08:01,1408,,
72,3010340,12456611,14517,Y,373,,1340,,,52305.31,,54320.54,51.079404296875,,0,53.04735054,0,,2015.23,0,,,0.00,0.00,0.00,0.00,2007-01-15 00:00,,2007-01-27 08:00,2007-06-24 17:00,2007-01-13 08:00,2007-06-10 17:00,2007-07-18 08:01,2008-01-12 08:01,Y,TXAS84muTyCGYufzUm5oSA,COST_PER_QTY,0.00,0,29,RT_Labor,ST_Rsrc,2007-01-27 08:00,2007-06-24 17:00,1024,,
73,3010341,12456613,14517,Y,373,,1340,,,0,,0,0,,0,0,0,,0,0,,,0.00,0.00,0.00,0.00,,,2007-06-11 08:01,2007-10-28 08:01,2007-06-11 08:01,2007-10-28 08:01,2007-11-06 08:01,2008-03-08 08:01,Y,laakXLtrR6yi1G38pUtNCQ,COST_PER_QTY,0.00,0,33,RT_Labor,ST_Rsrc,2007-06-11 08:01,2007-10-28 08:01,800,,
74,3010342,12456615,14517,Y,373,,1355,,,16094.12,,16094.12,20.11765,,0,20.11765,0,,0,0,,,0.00,0.00,0.00,0.00,,,2007-05-23 08:01,2007-09-22 08:01,2007-05-23 08:01,2007-09-22 08:01,2007-11-13 08:01,2008-03-15 08:01,Y,jTH6RxWVQ5S3z0R1Ly6Kww,COST_PER_QTY,0.00,0,24,RT_Labor,ST_Rsrc,2007-05-23 08:01,2007-09-22 08:01,800,,
75,3010343,12456617,14517,Y,373,,1355,,,12426.54,,12426.54,15.533175,,0,15.533175,0,,0,0,,,0.00,0.00,0.00,0.00,,,2007-06-18 08:01,2007-11-04 08:01,2007-06-18 08:01,2007-11-04 08:01,2007-11-13 08:01,2008-03-15 08:01,Y,fPmiNe8YSx6c9wC+rqSdLg,COST_PER_QTY,0.00,0,33,RT_Labor,ST_Rsrc,2007-06-18 08:01,2007-11-04 08:01,800,,
76,3010344,12456631,14517,Y,373,,1343,,,91932.04,,91932.04,111.568009708738,,0,111.56800971,0,,0,0,,,0.00,0.00,0.00,0.00,,,2007-06-16 08:00,2007-11-04 17:00,2007-06-16 08:00,2007-11-04 17:00,2007-12-08 08:01,2008-04-12 08:01,Y,n9kwFdZXR+KGLB5BduRWyg,COST_PER_QTY,0.00,0,27,RT_Labor,ST_Rsrc,2007-06-16 08:00,2007-11-04 17:00,824,,
77,3010345,12456669,14517,Y,373,,1341,,,5293.85,,5293.85,4.53240582191781,,0,4.53240582,0,,0,0,,,0.00,0.00,0.00,0.00,,,2007-07-19 08:00,2008-02-02 17:00,2007-07-19 08:00,2008-02-02 17:00,2007-09-26 08:01,2008-04-05 08:01,Y,tPUEPx8hSYePkYKBG6o1hQ,COST_PER_QTY,0.00,0,28,RT_Labor,ST_Rsrc,2007-07-19 08:00,2008-02-02 17:00,1168,,
78,3010346,12456670,14517,Y,373,,1351,,,4188,,0,17.45,,0,0,0,,0,0,,,0.00,0.00,0.00,0.00,,,2007-08-12 08:00,2007-09-17 17:00,2007-08-12 08:00,2007-09-17 17:00,2007-11-05 08:01,2007-12-10 08:01,Y,ta0ieUkmRiWzOgzcf9Tc7A,COST_PER_QTY,0.00,0,20,RT_Labor,ST_Rsrc,2007-08-12 08:00,2007-09-17 17:00,240,,
79,3010347,12456671,14517,Y,373,,1351,,,10067,,0,34.95486111,,0,0,0,,0,0,,,0.00,0.00,0.00,0.00,,,2007-07-01 08:00,2007-08-11 17:00,2007-07-01 08:00,2007-08-11 17:00,2007-09-02 08:01,2007-11-05 08:01,Y,9Tsi/lHfTc26L5lDguXTww,COST_PER_QTY,0.00,0,20,RT_Labor,ST_Rsrc,2007-07-01 08:00,2007-08-11 17:00,288,,
80,3010348,12456672,14517,Y,373,,1351,,,94115,,0,163.39409722,,0,0,0,,0,0,,,0.00,0.00,0.00,0.00,,,2007-12-01 08:00,2008-02-27 17:00,2007-12-01 08:00,2008-02-20 17:00,2007-12-11 08:01,2008-03-10 08:01,Y,JPKHtVpNTGWROIup6CSVVQ,COST_PER_QTY,0.00,0,20,RT_Labor,ST_Rsrc,2007-12-01 08:00,2008-02-27 17:00,576,,
81,3010349,12456673,14517,Y,373,,1351,,,109990,,0,190.95486111,,0,0,0,,0,0,,,0.00,0.00,0.00,0.00,,,2007-12-01 08:00,2008-02-27 17:00,2007-12-01 08:00,2008-02-27 17:00,2008-01-19 08:01,2008-04-12 08:01,Y,G4uHSmk+RTKwn7gA+AWEkQ,COST_PER_QTY,0.00,0,20,RT_Labor,ST_Rsrc,2007-12-01 08:00,2008-02-27 17:00,576,,
82,3010350,12456674,14517,Y,373,,1351,,,87346.37,,87346.37,59.338566576087,,0,59.33856658,0,,0,0,,,0.00,0.00,0.00,0.00,,,2007-07-01 08:00,2008-02-27 17:00,2007-07-01 08:00,2008-02-27 17:00,2007-08-13 08:01,2008-04-12 08:01,Y,nahcjVNBStCMopQVjuZEHA,COST_PER_QTY,0.00,0,33,RT_Labor,ST_Rsrc,2007-07-01 08:00,2008-02-27 17:00,1472,,
83,3010351,12456679,14517,Y,373,,1347,,,56770.12,,89693.62,34.6159268292683,,0,36.75968033,0,,32923.5,0,,,0.00,0.00,0.00,0.00,2006-09-04 08:00,,2007-01-27 08:00,2007-10-01 17:00,2006-09-04 08:00,2007-10-01 17:00,2007-03-31 08:01,2007-12-17 08:01,Y,4nhlBUVvRGCZP1/n+YI3Fw,COST_PER_QTY,0.00,0,33,RT_Labor,ST_Rsrc,2007-01-27 08:00,2007-10-01 17:00,1640,,
84,3010352,12456700,14517,Y,373,,1342,,,139792.57,,139792.57,150.638545258621,,0,150.63854526,0,,0,0,,,0.00,0.00,0.00,0.00,,,2007-05-31 08:00,2007-11-04 17:00,2007-05-31 08:00,2007-11-04 17:00,2007-09-26 08:01,2008-03-01 08:01,Y,dyldnWt9SNOMK/UWFwn8Ww,COST_PER_QTY,0.00,0,26,RT_Labor,ST_Rsrc,2007-05-31 08:00,2007-11-04 17:00,928,,
85,3010353,12456704,14517,Y,373,,1353,,,11502.27,,11502.27,17.1164732142857,,0,17.1164732142857,0,,0,0,,,0.00,0.00,0.00,0.00,,,2007-04-05 08:00,2007-07-11 17:00,2007-04-05 08:00,2007-07-11 17:00,2007-07-24 08:01,2007-11-21 08:01,Y,wLRNPgXLT664WiFpRJ8cSw,COST_PER_QTY,0.00,0,25,RT_Labor,ST_Rsrc,2007-04-05 08:00,2007-07-11 17:00,672,,
86,3010354,12456735,14517,Y,373,,1348,,,43346.87,,53574.02,69.4661378205128,,0,85.85580128,0,,10227.15,0,,,0.00,0.00,0.00,0.00,2007-01-31 08:00,,2007-01-27 08:00,2007-04-26 17:00,2007-01-27 08:00,2007-04-26 17:00,2007-08-13 08:01,2007-12-04 08:01,Y,BVnxSgZFQrCAUfX9WXL1/Q,COST_PER_QTY,0.00,0,22,RT_Labor,ST_Rsrc,2007-01-27 08:00,2007-04-26 17:00,624,,
87,3010355,12456737,14517,Y,373,,1348,,,113727.38,,126742.97,203.084607142857,,0,105.61914167,0,,13015.59,0,,,0.00,0.00,0.00,0.00,2006-09-24 00:00,,2007-02-04 08:00,2007-04-25 17:00,2006-10-18 08:00,2007-04-25 17:00,2007-08-22 08:01,2007-12-04 08:01,Y,tzyH0TxdR2mXoNI78lAXsQ,COST_PER_QTY,0.00,0,23,RT_Labor,ST_Rsrc,2007-02-04 08:00,2007-04-25 17:00,560,,
88,3010356,12456741,14517,Y,,,1348,,,384,,0,1,,0,0,0,,0,0,,,0.00,0.00,0.00,0.00,,,2007-03-01 08:00,2007-04-25 17:00,2007-03-01 08:00,2007-04-25 17:00,2007-08-20 08:00,2007-11-05 17:00,Y,u8/SXnz2TV2V/aTp6a4nmA,COST_PER_QTY,0.00,0,23,RT_Labor,ST_Rsrc,2007-03-01 08:00,2007-04-25 17:00,384,,
89,3010357,12456749,14517,Y,373,,1340,,,42034.93,,46162.6,23.8834829545455,,0,21.4510223,0,,4127.67,0,,,0.00,0.00,0.00,0.00,2006-11-23 00:00,,2007-01-30 08:00,2007-11-04 17:00,2006-11-27 08:00,2007-11-04 17:00,2007-07-02 08:01,2008-04-12 08:01,Y,AsPjwm1zQQGChu3InHYkWQ,COST_PER_QTY,0.00,0,29,RT_Labor,ST_Rsrc,2007-01-30 08:00,2007-11-04 17:00,1760,,
90,3010358,12456759,14517,Y,373,,1340,,,4519.62,,4519.62,6.41991477272727,,0,6.41991477,0,,0,0,,,0.00,0.00,0.00,0.00,,,2007-07-31 08:00,2007-12-02 17:00,2007-07-31 08:00,2007-12-02 17:00,2007-12-31 08:01,2008-04-12 08:01,Y,5bAyIy7FQ5GrWWVgLSoyig,COST_PER_QTY,0.00,0,33,RT_Labor,ST_Rsrc,2007-07-31 08:00,2007-12-02 17:00,704,,
91,3010359,12456765,14517,Y,373,,1352,,,612,,0,3.1875,,0,0,0,,0,0,,,0.00,0.00,0.00,0.00,,,2007-03-06 08:00,2007-04-02 17:00,2007-03-06 08:00,2007-04-02 17:00,2007-11-06 08:01,2007-12-04 08:01,Y,w22rbFbDQCK+Ke8/hrafYw,COST_PER_QTY,0.00,0,34,RT_Labor,ST_Rsrc,2007-03-06 08:00,2007-04-02 17:00,192,,
92,3010360,12456766,14517,Y,373,,1352,,,32701,,0,56.77256944,,0,0,0,,0,0,,,0.00,0.00,0.00,0.00,,,2007-03-06 08:00,2007-05-28 17:00,2007-03-06 08:00,2007-05-28 17:00,2007-08-20 08:01,2007-12-04 08:01,Y,tjyyY8pRSoOXIsbXZk50DA,COST_PER_QTY,0.00,0,34,RT_Labor,ST_Rsrc,2007-03-06 08:00,2007-05-28 17:00,576,,
93,3010361,12456767,14517,Y,373,,1352,,,345,,0,2.39583333,,0,0,0,,0,0,,,0.00,0.00,0.00,0.00,,,2007-06-30 08:01,2007-07-21 08:01,2007-06-30 08:01,2007-07-21 08:01,2007-11-13 08:01,2007-12-04 08:01,Y,QJ/S+ewCTq6dSt148L7rjw,COST_PER_QTY,0.00,0,34,RT_Labor,ST_Rsrc,2007-06-30 08:01,2007-07-21 08:01,144,,
94,3010362,12456768,14517,Y,373,,1352,,,131977.22,,135876.02,107.124366883117,,0,47.70899191,0,,3898.8,0,,,0.00,0.00,0.00,0.00,2006-12-11 00:00,,2007-01-27 08:00,2007-07-24 17:00,2006-05-03 08:00,2007-07-21 08:01,2007-05-16 08:01,2007-12-04 08:01,Y,GErxWtT+Q6uz46j16ftJHQ,COST_PER_QTY,0.00,0,34,RT_Labor,ST_Rsrc,2007-01-27 08:00,2007-07-24 17:00,1232,,
95,3010363,12456770,14517,Y,373,,1352,,,114950,,0,93.3035714285714,,0,0,0,,0,0,,,0.00,0.00,0.00,0.00,2006-12-11 00:00,,2007-01-27 08:00,2007-07-24 17:00,2006-05-03 08:00,2006-12-28 17:00,2007-01-10 08:00,2007-07-08 17:00,Y,NEcdjHqQSbmZWx3BZt2NRg,COST_PER_QTY,0.00,0,34,RT_Labor,ST_Rsrc,2007-01-27 08:00,2007-07-24 17:00,1232,,
96,3010364,12456786,14517,Y,373,,1355,,,98675.62,,266219.31,112.131386363636,,0,100.5359932,0,,167543.69,0,,,0.00,0.00,0.00,0.00,2006-04-27 00:00,,2007-01-27 08:00,2007-06-03 17:00,2006-04-30 08:00,2007-06-17 17:00,2007-07-19 08:01,2007-12-17 08:01,Y,Hv4nS//7RxilKsiUzVi2aA,COST_PER_QTY,0.00,0,24,RT_Labor,ST_Rsrc,2007-01-27 08:00,2007-06-03 17:00,880,,
97,3010365,12456795,14517,Y,373,,1355,,,4580.1,,4580.1,4.40394230769231,,0,4.40395078,0,,0,0,,,0.00,0.00,0.00,0.00,,,2007-03-10 08:00,2007-08-07 17:00,2007-03-10 08:00,2007-08-07 17:00,2007-11-06 08:01,2008-04-12 08:01,Y,bxjA3fTpRByE4pu34JFE1g,COST_PER_QTY,0.00,0,24,RT_Labor,ST_Rsrc,2007-03-10 08:00,2007-08-07 17:00,1040,,
98,3010366,12456797,14517,Y,373,,1351,,,32083,,160414.99,50.7642405063291,,0,74.82042444,0,,128331.99,0,,,0.00,0.00,0.00,0.00,2006-01-15 00:00,,2007-01-27 08:00,2007-04-28 17:00,2006-03-12 08:00,2007-02-14 17:00,2007-02-27 08:00,2007-05-29 17:00,Y,Cyak6+EvTIC95JqJBImW/Q,COST_PER_QTY,0.00,0,33,RT_Labor,ST_Rsrc,2007-01-27 08:00,2007-04-28 17:00,632,,
99,3010367,12456836,14517,Y,373,,1348,,,5740.98,,5830.98,11.0403461538462,,0,8.18957865,0,,90,0,,,0.00,0.00,0.00,0.00,2006-12-23 00:00,,2007-01-27 08:00,2007-04-11 17:00,2007-01-06 08:00,2007-04-18 17:00,2007-12-30 08:01,2008-03-15 08:01,Y,/pgriVU6T/m9ADaRmqFhhA,COST_PER_QTY,0.00,0,22,RT_Labor,ST_Rsrc,2007-01-27 08:00,2007-04-11 17:00,520,,
100,3010368,12456847,14517,Y,373,,1348,,,141735.74,,198163.93,334.282405660377,,0,152.90426698,0,,56428.19,0,,,0.00,0.00,0.00,0.00,2006-09-22 00:00,,2007-01-27 08:00,2007-03-28 17:00,2006-09-25 08:00,2007-04-28 17:00,2007-11-06 08:00,2008-01-12 17:00,Y,aNQ/VuCnRDmDZoN50cLbSA,COST_PER_QTY,0.00,0,23,RT_Labor,ST_Rsrc,2007-01-27 08:00,2007-03-28 17:00,424,,
101,3010369,12456910,14517,Y,373,,1340,,,164239.79,,186248.69,66.0127773311897,,0,57.76944479,0,,22008.9,0,,,0.00,0.00,0.00,0.00,2006-10-11 00:00,,2007-02-19 08:00,2008-03-15 17:00,2006-10-28 08:00,2008-03-15 17:00,2007-03-18 08:01,2008-04-12 08:01,Y,HEWA4IgBSwayeemCMDg4mA,COST_PER_QTY,0.00,0,29,RT_Labor,ST_Rsrc,2007-02-19 08:00,2008-03-15 17:00,2488,,
102,3010370,12456929,14517,Y,373,,1340,,,244538.43,,244538.43,135.854683333333,,0,135.85468333,0,,0,0,,,0.00,0.00,0.00,0.00,,,2007-06-27 08:00,2008-04-12 17:00,2007-06-27 08:00,2008-04-12 17:00,2007-06-26 08:01,2008-04-12 08:01,Y,sh/7YsKvQEuMVZo/B/bx0g,COST_PER_QTY,0.00,0,33,RT_Labor,ST_Rsrc,2007-06-27 08:00,2008-04-12 17:00,1800,,
103,3010371,12456986,14517,Y,373,,1355,,,87728.82,,263732.66,148.190574324324,,0,113.28722509,0,,176003.84,0,,,0.00,0.00,0.00,0.00,2006-04-20 08:00,,2007-01-27 08:00,2007-04-22 17:00,2006-04-20 08:00,2007-04-22 17:00,2007-10-27 08:00,2008-01-26 17:00,Y,jkyGHoR5T4SkD5vRepWqIw,COST_PER_QTY,0.00,0,24,RT_Labor,ST_Rsrc,2007-01-27 08:00,2007-04-22 17:00,592,,
104,3010372,12457031,14517,Y,373,,1343,,,221336.81,,221336.81,136.292537895504,,0,136.2925379,0,,0,0,,,0.00,0.00,0.00,0.00,,,2007-06-25 08:01,2008-03-15 17:00,2007-06-25 08:01,2008-03-15 17:00,2007-07-22 08:02,2008-04-12 08:01,Y,ZyF3nGa3RZuzqnkiweEuiw,COST_PER_QTY,0.00,0,27,RT_Labor,ST_Rsrc,2007-06-25 08:01,2008-03-15 17:00,1623.983,,
105,3010373,12457088,14517,Y,373,,1341,,,70408.85,,70408.85,40.558482704327,,0,40.5584827,0,,0,0,,,0.00,0.00,0.00,0.00,,,2007-06-25 08:01,2008-03-31 17:00,2007-06-25 08:01,2008-03-31 17:00,2007-07-05 08:02,2008-04-12 08:01,Y,tdhs097MRBqmQGxWAuF9qA,COST_PER_QTY,0.00,0,28,RT_Labor,ST_Rsrc,2007-06-25 08:01,2008-03-31 17:00,1735.983,,
106,3010374,12457100,14517,Y,,,1351,,,9372.96,,9372.96,11.7162,,0,11.7162,0,,0,0,,,0.00,0.00,0.00,0.00,,,2007-12-01 08:00,2008-03-31 17:00,2007-12-01 08:00,2008-03-31 17:00,2007-12-11 08:01,2008-04-12 08:01,Y,bLkZR9lFRaeLyCU2m3oVdA,COST_PER_QTY,0.00,0,33,RT_Labor,ST_Rsrc,2007-12-01 08:00,2008-03-31 17:00,800,,
107,3010375,12457126,14517,Y,373,,1347,,,328498.17,,333516.57,207.385208333333,,0,210.55339015,0,,5018.4,0,,,0.00,0.00,0.00,0.00,2006-09-20 00:00,,2007-01-27 08:00,2007-09-15 17:00,2007-01-27 08:00,2007-09-15 17:00,2007-07-28 08:01,2008-04-12 08:01,Y,gLGRXqKNQNS/Ua0hNy755w,COST_PER_QTY,0.00,0,33,RT_Labor,ST_Rsrc,2007-01-27 08:00,2007-09-15 17:00,1584,,
108,3010376,12457188,14517,Y,373,,1342,,,766581.79,,766581.79,399.261348958333,,0,399.26134896,0,,0,0,,,0.00,0.00,0.00,0.00,,,2007-05-13 08:00,2008-03-15 17:00,2007-05-13 08:00,2008-03-15 17:00,2007-05-12 08:01,2008-03-15 08:01,Y,gJYDnBu+QrWnKcFwvgFJKw,COST_PER_QTY,0.00,0,26,RT_Labor,ST_Rsrc,2007-05-13 08:00,2008-03-15 17:00,1920,,
109,3010377,12457230,14517,Y,373,,1353,,,96137.18,,97055.12,56.6846580188679,,0,57.22589623,0,,917.94,0,,,0.00,0.00,0.00,0.00,2007-02-11 08:00,,2007-02-11 08:00,2007-11-06 17:00,2007-02-11 08:00,2007-11-06 17:00,2007-05-02 08:01,2008-02-02 08:01,Y,1N3eADHVTc2n1y1HAMHflw,COST_PER_QTY,0.00,0,25,RT_Labor,ST_Rsrc,2007-02-11 08:00,2007-11-06 17:00,1696,,
110,3010378,12457251,14517,Y,373,,1355,,,56600.17,,56600.17,72.9383634020618,,0,72.9383634,0,,0,0,,,0.00,0.00,0.00,0.00,,,2007-03-01 08:00,2007-06-21 17:00,2007-03-01 08:00,2007-06-21 17:00,2007-11-24 08:01,2008-03-22 08:01,Y,En4BqybwS+iUByxzBsac0A,COST_PER_QTY,0.00,0,24,RT_Labor,ST_Rsrc,2007-03-01 08:00,2007-06-21 17:00,776,,
111,3010379,12457253,14517,Y,373,,1351,,,0,,0,196.10833333,,0,0,0,,0,0,,,0.00,0.00,0.00,0.00,2006-05-15 08:00,2006-05-31 17:00,,,2006-05-15 08:00,2006-08-01 17:00,,,Y,NE+vfyqGQF2UNGM4fnyWTA,COST_PER_QTY,0.00,0,20,RT_Labor,ST_Rsrc,,,0,,
112,3010380,12457283,14517,Y,,,4591,,,130000,,130000,55.8419243986254,,0,55.8419244,0,,0,0,,,0.00,0.00,0.00,0.00,,,2008-01-06 08:00,2008-10-22 17:00,2008-01-06 08:00,2008-10-22 17:00,2007-11-08 08:01,2008-08-25 08:01,Y,RsaoPFAQQe27961/0di7fg,COST_PER_QTY,0.00,0,31,RT_Labor,ST_Rsrc,2008-01-06 08:00,2008-10-22 17:00,2328,,
